,item_01,item_02,item_03,item_04,item_05,item_06,item_07,item_08,item_09,item_10,item_11,item_12,item_13,item_14,item_15,item_16,item_17,item_18,item_19,item_20,item_21,item_22,item_23,item_24,item_25,item_26,item_27,item_28,item_29,item_30,theta_true
person_1,1,0,1,0,1,0,1,0,1,1,1,0,1,0,1,1,1,1,0,1,1,1,0,1,0,0,0,1,1,1,0.3705
person_2,1,1,1,1,0,1,1,1,0,1,1,1,0,1,1,1,0,1,0,0,1,1,1,0,1,1,0,1,1,0,0.8542
person_3,1,1,1,1,1,1,0,0,1,0,1,1,0,1,1,1,0,1,0,0,1,1,0,0,0,1,1,1,0,0,-0.0194
person_4,1,1,1,0,0,1,0,1,1,0,1,1,0,0,1,1,1,1,1,0,1,0,1,1,1,0,1,1,1,1,0.7164
person_5,1,0,1,1,1,0,1,1,1,0,1,1,0,1,0,1,1,1,0,1,1,1,1,0,1,0,0,1,1,1,0.5412
person_6,1,1,1,1,1,0,0,0,0,0,1,1,0,1,0,1,0,0,0,0,0,0,0,1,0,0,0,0,1,1,-0.741
person_7,1,0,1,1,1,0,0,1,0,0,1,0,0,0,1,1,1,1,1,1,0,1,1,1,0,0,0,1,0,1,-0.2042
person_8,1,0,0,0,1,0,1,0,1,0,1,1,0,0,0,1,0,0,1,1,1,1,1,1,0,1,0,0,0,0,-0.1601
person_9,1,1,1,0,0,1,1,0,0,1,1,1,1,0,1,1,1,1,1,1,1,1,1,1,1,1,1,1,0,1,0.4585
person_10,1,1,1,0,1,1,0,1,0,1,1,1,1,1,1,0,1,0,0,1,1,1,1,1,1,0,1,0,1,0,0.4559
person_11,1,1,1,1,0,0,1,0,1,1,1,1,1,0,1,1,1,0,0,1,1,0,1,0,1,0,1,0,1,0,0.4527
person_12,1,1,1,1,1,1,0,0,0,0,0,1,1,0,0,1,1,0,1,0,0,0,0,0,0,0,0,1,0,1,-0.9636
person_13,1,1,1,1,1,0,0,1,1,1,1,1,0,0,1,1,1,1,1,1,1,1,1,0,1,0,1,0,1,1,0.616
person_14,1,1,1,0,1,1,1,0,1,1,1,1,0,0,1,1,1,0,0,1,1,1,1,0,1,1,0,0,1,0,0.2114
person_15,1,0,1,0,1,1,0,1,1,1,1,1,1,1,1,1,1,1,1,1,1,1,1,1,0,0,0,1,0,0,0.7745
person_16,1,0,1,1,1,1,1,1,1,0,1,1,1,0,1,1,1,0,1,0,1,0,1,0,0,0,1,1,1,0,0.0592
person_17,1,0,0,0,1,0,1,0,1,0,0,0,1,0,0,1,0,0,1,1,0,0,0,0,0,0,0,1,0,1,-1.4701
person_18,0,1,1,0,1,0,1,0,0,0,0,1,0,0,0,1,0,0,0,0,0,0,0,0,0,0,0,1,1,1,-0.6376
person_19,1,0,1,0,0,1,1,0,0,0,1,0,0,0,0,0,1,0,0,0,1,1,0,0,1,0,1,1,0,1,-0.6571
person_20,1,0,1,0,1,0,0,0,1,1,0,0,1,1,1,1,1,1,1,1,0,0,0,0,0,0,0,1,0,1,-0.3017
person_21,1,1,1,1,1,0,0,1,1,0,1,1,0,0,1,1,1,0,0,1,1,1,1,0,1,1,1,1,1,1,0.5593
person_22,0,1,1,1,0,1,1,0,1,1,1,1,1,1,1,1,0,1,0,0,0,0,0,0,1,0,0,0,0,0,-0.3588
person_23,0,0,1,0,0,0,0,0,0,0,0,0,0,0,0,1,0,0,0,0,0,0,0,1,0,0,1,1,1,0,-1.5917
person_24,1,1,1,1,0,1,1,1,1,1,1,1,1,1,1,1,1,0,0,1,1,0,0,1,1,1,0,0,1,0,0.45
person_25,0,0,1,1,1,0,1,0,0,0,0,1,0,1,1,1,0,0,0,0,1,1,1,1,1,0,1,0,1,0,-0.3853
person_26,1,0,1,0,0,0,0,1,1,0,1,1,0,1,1,1,0,0,1,0,1,0,0,0,0,0,1,0,0,0,-0.2612
person_27,1,1,1,0,0,0,1,0,0,1,1,0,1,0,1,1,0,1,0,0,1,0,0,0,0,0,0,0,1,1,-0.3719
person_28,1,1,1,1,0,1,0,0,0,1,1,1,1,1,1,1,1,1,1,0,1,1,1,0,1,0,0,0,1,1,0.5098
person_29,1,0,1,1,1,0,1,1,1,1,1,0,0,1,1,1,0,0,0,1,1,0,1,1,1,1,1,0,0,0,0.4068
person_30,1,0,1,1,0,1,1,0,0,0,1,1,1,1,1,1,1,1,0,0,1,0,1,0,1,0,0,0,0,0,-0.1019
person_31,0,0,1,0,0,0,0,0,0,0,0,0,1,1,0,0,0,0,1,0,0,0,0,0,0,0,1,0,0,0,-2.3052
person_32,1,1,1,0,1,0,0,0,0,1,0,1,1,0,1,1,0,0,0,1,1,0,0,0,0,0,1,0,0,0,-0.8525
person_33,1,0,1,1,1,0,1,0,0,0,1,1,1,1,0,1,0,0,0,0,0,0,1,0,1,0,0,1,1,0,-0.2689
person_34,1,1,1,0,1,1,1,1,1,1,1,1,1,1,1,1,1,1,1,0,1,1,1,1,0,1,1,1,1,1,0.871
person_35,0,1,0,1,0,0,0,0,1,0,0,0,0,0,0,1,1,1,0,0,1,0,0,0,0,0,0,0,1,0,-0.963
person_36,0,0,0,1,0,0,1,1,0,1,0,1,0,1,1,1,0,0,1,1,0,0,0,0,0,0,0,0,0,0,-1.4655
person_37,1,0,1,1,0,0,0,0,0,0,0,0,1,0,0,1,0,1,1,0,0,1,0,1,1,0,0,0,0,0,-0.8115
person_38,1,1,1,0,0,0,1,0,1,1,1,1,1,0,1,1,0,1,1,0,1,0,0,0,1,0,0,0,1,0,-0.4696
person_39,1,1,1,1,1,1,1,1,1,1,1,0,1,1,1,1,1,1,1,1,1,0,0,0,0,1,1,1,1,1,1.5849
person_40,0,1,1,1,0,0,1,0,0,0,0,1,0,0,1,1,1,0,0,0,1,1,0,1,0,0,0,1,1,0,0.1595
person_41,1,1,1,1,1,1,1,0,0,0,1,0,1,0,1,1,1,1,1,0,1,1,1,0,1,1,1,1,1,1,0.7206
person_42,1,0,1,0,1,0,1,0,0,0,1,1,0,0,0,1,0,0,1,0,0,1,0,0,0,0,0,0,0,0,-1.2992
person_43,1,0,1,0,0,0,1,0,0,0,1,1,1,1,1,1,0,0,0,1,0,1,0,0,0,0,0,0,0,1,-0.5216
person_44,1,1,1,1,1,0,1,0,0,0,1,0,0,0,1,1,1,0,0,0,1,0,0,0,0,0,0,0,1,1,-0.3057
person_45,1,1,1,0,1,0,0,1,0,0,1,1,1,1,1,1,0,0,1,1,1,0,1,1,1,0,1,1,0,0,0.2443
person_46,1,1,1,1,1,1,1,0,1,1,1,1,1,1,1,1,1,1,1,1,1,1,1,1,1,1,1,1,0,1,2.483
person_47,1,0,0,0,1,0,1,0,1,1,0,0,0,0,0,0,0,0,0,1,1,0,0,0,1,0,0,0,0,0,-1.8764
person_48,1,0,1,0,1,0,0,1,0,0,1,0,0,1,1,1,0,1,1,1,0,1,0,0,1,0,1,0,0,0,-0.4508
person_49,1,1,1,1,1,1,0,1,1,1,1,1,0,1,1,1,1,0,0,0,1,1,1,1,1,1,1,0,1,1,0.9617
person_50,0,0,0,0,1,0,0,1,0,0,1,0,0,0,0,0,0,0,0,1,0,0,0,1,0,0,0,0,0,0,-1.5165
person_51,1,0,1,1,1,0,1,0,1,1,1,1,0,1,1,1,1,1,1,1,1,1,1,1,1,0,0,0,1,0,-0.035
person_52,1,1,1,0,1,1,1,1,1,1,1,1,1,1,1,1,1,1,1,1,1,1,1,1,1,1,0,1,1,1,1.0365
person_53,1,1,0,1,0,0,0,0,1,0,1,0,1,0,0,1,0,0,1,0,0,0,1,0,0,0,1,0,0,1,-1.0784
person_54,0,0,1,1,0,0,1,0,0,0,1,1,1,0,0,1,1,0,1,1,1,0,1,0,1,1,1,0,0,0,-0.64
person_55,1,1,1,0,1,1,1,1,1,0,1,1,0,0,1,1,1,1,1,1,1,1,1,0,1,0,0,0,1,1,0.7989
person_56,1,1,1,0,1,0,0,1,1,1,0,0,1,1,1,1,1,0,1,0,1,0,1,0,0,0,0,0,1,1,-0.0447
person_57,1,0,0,0,0,0,1,0,0,0,1,0,1,1,0,1,0,1,0,1,1,0,1,0,0,0,0,1,0,0,-0.5827
person_58,1,1,1,0,0,0,1,1,0,0,1,1,0,1,1,1,1,1,0,0,1,1,1,0,1,1,0,1,0,0,0.1164
person_59,1,0,1,0,0,0,0,1,0,0,1,1,1,0,1,1,1,0,0,1,1,0,0,0,0,0,0,0,0,0,-0.104
person_60,1,1,1,1,0,1,1,0,0,1,1,1,0,1,1,1,0,1,1,0,1,0,1,1,1,1,1,1,1,1,0.2263
person_61,1,1,1,1,1,1,1,0,1,0,1,1,1,0,1,1,1,1,0,0,1,0,0,0,1,0,1,0,1,0,0.2914
person_62,1,0,0,1,0,0,0,0,0,0,0,0,1,0,0,0,0,1,1,1,0,0,0,0,0,0,0,0,0,0,-1.6342
person_63,1,1,1,1,1,1,0,1,1,1,1,1,0,1,1,1,1,1,0,1,1,1,0,1,1,1,0,1,1,1,1.6813
person_64,1,1,1,0,1,1,0,1,0,0,1,1,1,1,1,1,1,0,0,0,1,1,0,1,1,1,1,1,0,1,1.8101
person_65,1,0,1,0,1,1,0,0,0,0,1,1,0,0,0,1,1,0,0,0,0,1,1,0,1,0,0,1,1,1,0.6611
person_66,1,1,1,1,0,1,1,1,0,0,1,1,1,0,1,1,1,0,0,1,1,1,0,0,1,1,1,0,0,1,-0.1416
person_67,1,1,1,1,1,0,1,0,1,1,1,1,1,1,1,1,0,1,0,0,1,0,1,1,1,0,1,1,0,0,0.0735
person_68,0,1,1,0,1,1,1,0,0,1,1,0,1,1,1,1,1,1,0,1,1,1,1,1,1,1,0,0,0,0,-0.0562
person_69,1,1,1,0,0,0,0,0,0,0,1,0,0,1,1,1,0,1,1,0,0,0,1,0,1,0,0,0,0,1,-0.8891
person_70,0,0,0,0,0,0,0,0,0,0,0,0,0,0,0,0,1,1,1,0,0,0,0,1,0,0,0,0,0,1,-1.2317
person_71,1,1,1,0,1,1,0,0,0,0,1,1,0,1,1,1,1,1,0,1,1,1,0,1,1,0,0,0,1,0,0.5133
person_72,1,1,1,1,1,1,0,1,1,1,1,0,0,1,1,1,0,1,1,1,1,1,0,1,1,0,1,1,1,0,0.832
person_73,1,0,1,0,1,1,0,1,1,0,1,1,1,1,0,1,0,1,0,0,1,0,0,0,1,0,0,0,0,0,-0.1713
person_74,1,1,1,0,1,1,0,0,1,0,1,1,1,0,1,1,1,1,0,0,1,0,0,0,1,0,0,1,0,0,0.2178
person_75,1,1,1,1,0,0,1,1,1,1,1,1,0,0,1,1,1,0,0,0,1,1,1,0,1,0,0,1,0,1,0.0803
person_76,1,1,1,1,1,1,1,1,1,1,1,1,1,1,1,1,1,1,1,1,1,1,1,1,1,1,1,1,1,1,2.1691
person_77,0,1,0,0,0,0,0,1,0,1,0,1,1,1,0,1,0,0,0,0,0,0,0,1,0,0,0,0,0,0,-1.5795
person_78,1,1,1,1,1,1,1,1,1,1,1,1,1,1,1,1,1,0,1,1,1,1,1,1,1,0,1,1,0,1,1.3487
person_79,0,0,1,0,0,0,0,0,0,0,0,0,0,0,0,0,0,0,0,0,0,0,0,1,1,0,0,1,0,1,-2.0861
person_80,0,0,1,0,1,0,0,0,0,1,1,0,1,0,1,1,1,0,1,0,0,0,0,0,0,0,0,0,0,1,-0.6158
person_81,0,0,1,0,1,0,0,0,0,0,0,0,1,0,0,0,0,0,0,0,0,0,1,0,0,0,0,0,0,1,-2.4157
person_82,0,0,1,0,0,0,0,0,0,0,1,0,0,0,1,0,0,0,0,1,0,0,0,0,0,0,0,0,1,0,-1.59
person_83,1,1,1,1,1,1,0,1,1,1,1,1,1,1,1,1,1,1,1,1,1,1,1,1,1,1,1,1,1,0,3.6639
person_84,1,1,1,1,1,1,0,1,0,1,1,0,0,0,1,1,0,1,0,1,1,1,1,0,1,0,1,0,0,1,0.224
person_85,1,0,1,0,0,0,1,0,1,0,1,0,0,1,1,1,0,1,1,0,1,1,0,1,0,0,1,1,1,0,-0.1935
person_86,1,0,1,0,0,1,0,0,0,0,1,1,0,1,1,1,0,0,0,1,0,1,1,1,1,0,1,0,0,1,-0.363
person_87,1,0,1,0,1,0,1,0,1,0,0,0,0,0,1,0,0,1,1,0,1,1,0,0,1,1,0,0,0,1,-0.2372
person_88,1,0,1,0,0,0,1,0,1,0,1,1,1,0,1,1,0,0,0,0,1,0,0,0,0,0,1,1,0,1,-0.4674
person_89,1,1,1,0,1,0,1,0,0,0,1,1,1,0,0,1,1,0,0,0,0,0,0,1,1,0,1,0,1,0,0.1343
person_90,1,0,1,1,1,1,1,1,0,0,1,0,0,0,1,1,0,1,1,0,1,1,0,0,0,1,1,0,1,0,0.0001
person_91,1,0,1,1,1,1,0,1,0,0,1,1,1,1,0,1,0,1,1,1,1,1,1,0,1,0,0,0,0,0,-0.0598
person_92,1,1,1,1,1,0,1,1,1,1,1,1,1,1,1,1,0,0,1,1,1,1,1,1,1,1,1,0,1,1,0.4354
person_93,1,0,1,0,0,0,1,1,1,0,1,1,0,0,1,1,0,1,1,0,1,1,0,1,0,1,1,0,0,0,0.3239
person_94,1,0,1,1,1,0,1,1,1,1,1,1,1,0,1,1,1,1,0,0,1,1,1,0,0,1,1,1,0,1,0.2207
person_95,1,0,1,1,1,1,1,1,1,1,1,1,0,0,1,1,1,0,0,0,1,0,1,1,1,1,0,1,0,1,0.7835
person_96,0,0,1,1,1,0,1,1,0,0,1,1,0,0,1,1,1,1,1,1,1,1,0,0,0,0,0,0,1,0,-0.4153
person_97,1,0,1,1,1,0,0,0,1,0,1,0,0,0,1,1,1,1,0,1,1,0,1,1,1,0,0,0,1,1,-0.2799
person_98,1,1,1,1,0,0,1,0,1,1,1,1,0,1,1,1,1,0,1,1,1,1,0,0,1,0,1,0,1,1,0.105
person_99,0,1,1,0,1,1,1,0,1,0,1,1,1,0,1,1,0,0,1,1,0,1,1,0,1,1,0,0,0,0,-0.2127
person_100,1,1,1,1,0,0,0,0,0,0,0,1,0,1,1,1,1,0,0,0,0,1,0,0,1,0,0,1,0,0,-0.5589
person_101,1,1,1,1,1,1,1,1,1,1,1,1,1,1,1,1,1,1,1,1,1,1,1,0,1,1,1,1,1,0,2.4222
person_102,1,1,1,0,1,0,0,0,0,0,1,1,0,0,1,1,0,0,1,0,0,0,0,1,1,0,0,0,0,0,-0.3116
person_103,1,0,1,0,1,0,0,0,1,0,1,0,1,0,0,0,1,0,1,0,1,1,0,0,0,0,1,1,0,0,-0.2378
person_104,1,1,1,0,1,1,1,1,0,1,1,1,1,1,1,1,0,1,0,0,1,0,1,1,1,1,1,1,1,1,1.2611
person_105,1,1,1,1,1,1,1,0,1,1,1,1,0,1,1,1,1,1,0,1,1,1,1,0,1,1,1,1,1,0,1.4782
person_106,1,0,1,1,1,0,0,0,1,1,1,0,1,1,1,1,0,0,1,0,1,0,0,0,1,0,0,0,1,1,-0.2731
person_107,1,0,1,1,1,1,0,0,1,0,1,1,1,1,1,1,1,0,1,0,1,1,0,1,1,0,0,1,1,1,1.2504
person_108,1,0,1,1,1,0,1,1,1,1,1,1,0,1,1,1,1,1,0,0,1,0,0,1,1,0,0,1,0,0,-0.139
person_109,1,0,1,0,1,1,1,1,1,1,1,1,1,1,1,1,1,1,0,1,1,1,1,1,1,0,0,0,0,1,1.4505
person_110,0,1,1,1,1,0,0,1,0,1,0,0,0,0,1,1,1,1,0,0,1,0,0,0,1,0,1,0,1,0,-0.0845
person_111,1,1,1,1,1,1,1,1,1,0,1,1,0,1,1,1,1,1,1,0,1,1,1,1,1,0,1,0,1,1,1.2277
person_112,1,0,0,0,0,0,1,0,1,1,0,0,1,0,0,1,1,0,1,0,0,0,0,1,1,0,0,0,0,0,-0.9408
person_113,1,0,1,0,1,0,1,0,0,1,0,1,0,0,0,1,1,1,0,0,0,1,1,1,0,0,0,1,1,0,-0.5849
person_114,1,0,1,1,1,1,1,1,1,1,1,0,1,1,0,1,1,1,0,1,1,0,1,1,1,0,1,0,0,1,1.0953
person_115,1,1,1,0,1,0,1,0,0,0,1,1,0,0,1,0,0,1,0,1,1,0,1,1,1,0,1,0,0,0,0.0614
person_116,1,0,0,0,0,0,0,0,0,0,0,0,0,0,0,0,0,0,0,0,0,0,0,1,0,0,0,0,0,0,-2.2271
person_117,1,1,0,0,0,0,1,0,0,0,0,1,1,1,0,0,1,0,0,0,0,0,0,1,0,0,0,0,0,1,-1.0872
person_118,1,1,1,1,1,0,0,1,0,1,1,1,0,0,1,1,1,1,0,0,1,0,1,1,0,0,0,1,1,1,0.9092
person_119,1,1,1,1,1,1,1,1,0,1,1,0,0,1,1,1,1,1,0,0,1,1,0,1,1,0,1,1,0,0,0.9477
person_120,1,1,1,0,0,1,0,1,1,1,1,1,1,1,1,1,0,1,1,0,1,1,0,1,1,1,1,1,1,0,0.3133
person_121,1,0,1,0,1,0,0,0,1,1,1,1,0,1,1,1,1,0,0,0,0,1,0,0,1,1,0,0,1,1,-0.1309
person_122,1,0,0,1,0,0,1,1,0,1,0,0,0,0,0,1,0,0,0,0,1,0,1,0,0,0,0,0,1,0,-1.0193
person_123,1,0,1,1,1,0,1,1,0,0,0,0,1,0,0,0,1,0,1,1,0,0,0,0,0,0,0,0,0,0,-0.8523
person_124,1,1,1,1,0,0,1,1,1,1,1,1,0,1,0,1,1,1,0,1,1,1,1,0,0,0,0,0,0,0,0.7876
person_125,1,1,1,0,1,1,1,1,1,0,1,1,0,1,0,1,0,1,0,0,1,0,0,1,1,0,1,1,0,1,0.6671
person_126,1,1,1,1,1,1,1,1,1,0,1,1,1,1,1,1,1,1,1,0,1,1,1,1,1,1,1,1,1,1,2.2843
person_127,1,1,1,1,1,1,1,1,1,1,1,1,1,1,1,1,1,0,1,1,1,1,1,1,1,1,1,1,0,1,1.6745
person_128,1,1,1,1,1,1,0,1,1,1,1,1,0,1,1,1,0,1,1,1,1,1,1,1,1,1,1,1,0,1,1.8751
person_129,0,0,0,0,0,0,0,0,1,0,0,0,0,1,0,0,1,0,0,1,0,1,0,0,0,0,0,0,1,1,-1.8218
person_130,1,1,1,1,1,1,0,1,0,1,1,1,0,1,1,1,0,0,1,0,1,1,1,0,1,1,1,1,0,1,0.4604
person_131,1,0,0,0,0,0,0,0,0,0,0,0,0,0,0,0,0,0,0,1,0,0,0,0,0,0,0,0,0,1,-2.1334
person_132,1,1,1,0,1,0,1,0,0,0,1,1,0,0,1,1,1,1,1,0,1,1,1,1,0,1,1,0,1,0,0.3682
person_133,1,0,1,1,0,0,0,0,1,0,1,1,0,1,1,1,1,0,1,1,1,1,1,0,1,0,0,0,0,0,-0.6001
person_134,1,1,1,1,1,1,1,1,1,0,1,0,1,1,0,1,0,0,0,1,1,1,0,1,1,0,1,0,1,0,0.1905
person_135,1,0,1,1,1,0,0,0,0,0,1,0,0,0,1,1,1,1,1,1,0,1,0,0,1,0,0,1,0,0,-0.1606
person_136,1,0,1,1,0,1,1,0,0,0,1,1,0,0,1,1,1,0,1,1,1,1,0,0,1,0,1,0,0,1,-0.3279
person_137,0,1,1,0,0,0,0,0,1,1,1,1,0,0,1,0,1,0,1,0,1,0,0,0,0,0,0,1,0,1,-0.0918
person_138,0,0,0,1,0,0,0,0,0,0,0,0,0,0,0,0,0,0,0,0,0,0,0,0,0,0,0,0,1,0,-1.7899
person_139,1,1,1,0,0,1,0,0,0,0,0,1,1,0,0,1,1,1,1,1,0,1,0,0,0,0,0,0,0,1,-0.5383
person_140,1,1,1,0,1,1,1,0,0,0,1,0,1,1,1,1,1,1,0,1,1,1,0,0,1,0,0,0,1,0,0.1465
person_141,1,1,1,0,1,1,1,0,0,0,1,1,1,1,1,1,1,0,0,1,1,0,0,1,1,0,1,0,1,1,-0.0486
person_142,0,1,0,1,1,0,1,0,1,0,0,0,1,0,0,1,0,1,0,0,0,0,1,0,0,0,1,0,0,1,-0.9047
person_143,0,1,0,0,0,0,0,0,0,0,0,0,1,1,1,1,0,0,1,0,0,1,0,1,0,0,0,1,0,1,-0.9045
person_144,1,1,1,1,1,1,0,1,1,0,1,1,1,1,1,1,1,1,0,1,1,0,1,1,1,1,0,1,1,1,2.3061
person_145,1,0,1,0,0,0,1,0,0,0,0,0,1,0,1,0,0,0,1,1,1,0,0,0,1,0,0,0,1,0,-0.8752
person_146,0,0,1,0,0,0,1,0,0,0,0,0,0,0,0,1,0,0,1,0,1,0,0,0,0,0,0,1,0,0,-1.4007
person_147,1,0,1,0,1,0,0,1,0,1,1,0,1,1,1,0,0,0,0,0,1,0,0,0,0,0,1,0,0,0,-0.6544
person_148,1,0,1,0,1,1,1,1,1,0,1,1,1,1,1,1,0,1,0,0,1,1,0,0,1,0,1,1,1,0,0.4183
person_149,1,0,1,0,0,0,1,0,1,0,1,1,1,1,1,1,0,1,0,0,1,1,0,0,1,0,1,1,0,0,0.2563
person_150,0,0,1,0,1,0,1,1,1,0,1,0,0,0,0,0,0,0,0,0,0,0,0,0,0,0,0,0,0,1,-1.0988
person_151,1,0,1,1,1,1,0,1,0,0,1,1,1,0,1,1,1,1,0,1,1,1,1,0,1,0,0,1,0,1,0.9562
person_152,1,1,1,1,1,0,1,0,0,1,1,1,0,0,1,1,1,0,0,0,1,0,0,0,1,0,1,0,0,1,0.2198
person_153,1,1,1,0,1,1,1,1,0,0,1,1,0,0,1,1,1,1,0,0,1,1,1,1,1,1,0,0,0,0,0.0625
person_154,1,0,0,0,1,0,1,0,0,0,0,0,0,0,0,1,1,0,0,1,0,0,1,0,0,0,0,0,0,1,-0.7336
person_155,1,1,0,0,1,0,0,0,0,1,1,1,1,0,1,1,1,1,1,1,1,1,1,0,1,1,1,0,1,0,0.3609
person_156,0,0,0,0,0,0,0,0,0,0,0,0,0,0,0,0,0,0,0,0,0,0,0,0,0,0,0,0,1,0,-2.5749
person_157,1,1,1,0,1,0,1,1,0,0,1,0,1,0,1,1,1,0,0,1,0,0,1,0,1,1,1,1,1,1,-0.1852
person_158,1,0,0,0,0,0,0,0,0,1,1,0,0,0,0,1,0,0,0,0,1,0,0,1,0,0,0,1,1,0,-0.8319
person_159,1,0,1,0,1,1,0,0,1,0,1,0,1,0,1,1,1,0,1,0,1,0,1,1,1,0,1,0,0,0,-0.2549
person_160,0,0,1,0,1,0,0,1,1,0,1,0,0,0,1,1,1,0,1,0,0,0,1,0,1,1,0,0,0,0,-0.2526
person_161,1,1,1,1,1,0,0,0,0,1,1,0,1,1,1,1,1,0,1,0,0,0,0,0,1,0,0,0,0,0,0.0036
person_162,1,1,1,0,1,1,0,1,0,1,1,1,1,1,1,1,1,1,0,0,1,0,1,0,1,1,0,1,0,1,1.3124
person_163,0,1,1,1,1,1,0,0,0,0,1,1,0,0,1,0,1,0,0,0,0,1,1,0,1,1,1,0,1,1,-0.0553
person_164,1,0,1,0,1,1,1,1,1,0,0,1,0,1,1,1,0,1,1,0,1,1,0,1,1,1,0,0,0,1,0.4971
person_165,1,1,1,0,1,0,1,1,0,1,1,0,0,1,1,1,1,1,0,1,1,0,0,0,1,1,1,0,1,0,0.4946
person_166,1,1,1,0,1,0,1,1,1,1,1,1,1,1,1,1,1,0,1,0,1,1,1,0,1,1,1,0,1,0,0.3668
person_167,0,0,1,0,1,0,0,0,0,1,1,1,0,0,1,1,1,0,1,0,1,1,1,0,0,0,0,1,0,0,-0.2358
person_168,1,1,0,0,1,0,0,0,1,0,1,1,0,0,1,1,1,0,1,0,1,0,0,0,0,0,0,0,0,1,-0.5442
person_169,1,1,1,1,1,1,1,0,0,1,1,1,1,1,1,1,0,1,1,0,1,1,1,0,1,0,1,0,0,1,1.0504
person_170,0,0,1,0,0,0,0,0,0,0,0,0,0,0,0,1,1,0,1,1,0,0,0,0,1,0,0,0,0,1,-0.8729
person_171,1,0,1,0,0,0,0,0,0,1,1,0,1,1,1,1,1,0,1,0,0,0,0,1,1,0,0,1,0,0,-0.4716
person_172,1,1,0,0,0,0,1,0,1,0,1,1,0,0,0,0,0,1,1,1,1,1,1,1,1,0,0,1,1,1,-0.2718
person_173,1,1,1,0,1,1,1,1,1,0,1,1,0,0,1,1,1,1,1,0,1,1,1,1,1,1,1,1,1,1,0.6842
person_174,0,1,1,1,0,0,1,1,1,0,1,1,0,1,0,1,1,0,0,0,1,1,0,0,1,0,1,0,0,0,-0.5299
person_175,0,0,1,0,1,0,1,1,0,0,1,0,0,0,1,1,1,0,0,0,0,1,0,0,0,0,0,0,0,0,-1.1316
person_176,1,1,1,0,0,0,1,0,0,0,1,0,0,1,1,1,1,0,1,0,0,0,0,1,1,0,1,0,0,1,-0.1333
person_177,1,1,1,0,1,1,1,1,1,1,1,1,1,1,1,1,1,1,1,1,1,1,1,1,1,1,1,1,1,0,1.3203
person_178,1,1,1,1,1,1,1,1,0,1,1,1,1,1,1,1,1,1,1,0,1,1,1,0,1,1,1,1,1,1,1.5949
person_179,1,1,0,0,0,0,1,0,1,1,0,0,1,1,1,0,1,0,1,0,0,0,1,0,1,0,1,1,1,0,-0.3791
person_180,1,0,1,1,0,0,1,1,1,1,1,1,0,1,1,1,0,1,1,1,1,0,1,0,1,0,1,1,1,0,0.679
person_181,0,0,0,0,0,0,0,0,0,0,0,0,0,0,0,0,0,0,0,0,1,0,0,0,0,0,0,0,0,0,-2.7186
person_182,1,0,1,0,0,0,0,0,1,0,1,0,0,0,1,0,1,1,0,0,0,1,0,0,0,0,1,0,1,0,-0.7304
person_183,1,0,1,1,1,0,1,0,0,0,1,1,1,1,1,1,0,0,0,1,1,0,0,1,1,0,0,0,0,0,-0.246
person_184,0,0,1,1,1,0,0,0,0,0,1,0,0,0,1,1,0,1,0,0,0,1,0,0,1,0,0,0,1,0,-0.8075
person_185,1,1,1,0,1,1,0,1,0,1,1,1,1,0,1,1,1,0,1,0,1,0,0,0,1,1,0,0,1,0,0.3182
person_186,1,1,1,1,1,1,1,1,1,1,1,1,0,1,1,1,1,1,0,1,1,1,1,1,1,1,1,1,0,1,1.9421
person_187,1,0,1,1,1,0,0,0,1,0,1,0,0,0,1,0,1,1,1,0,0,0,0,0,1,1,0,0,0,0,-0.9141
person_188,1,0,1,1,1,0,1,0,0,0,1,0,0,1,1,0,0,1,1,0,0,0,1,0,0,0,0,0,0,1,-0.845
person_189,1,0,1,0,1,0,1,0,0,0,1,1,0,1,1,1,1,1,1,1,1,1,1,0,1,0,0,1,1,1,0.0578
person_190,1,1,1,0,1,1,0,1,0,1,1,1,0,0,1,1,1,1,0,0,1,0,1,1,1,0,0,1,0,1,0.7178
person_191,1,0,1,1,1,1,1,1,1,1,1,0,1,1,1,1,0,1,0,0,1,1,0,1,0,0,1,0,1,0,0.4913
person_192,0,0,1,0,0,1,0,1,0,1,1,1,1,1,1,1,1,1,0,0,0,0,1,0,1,1,1,1,0,0,-0.0599
person_193,1,0,1,1,0,0,0,0,0,0,1,1,0,1,1,1,1,0,1,1,1,0,0,1,1,0,0,1,0,0,0.26
person_194,1,1,1,1,1,1,1,1,1,0,1,1,1,0,1,1,0,1,0,1,1,1,1,0,1,0,1,1,1,1,1.2387
person_195,0,0,0,0,0,0,0,0,0,0,0,0,0,0,0,0,0,0,1,1,0,0,0,0,0,0,0,0,0,0,-3.0264
person_196,0,0,1,0,0,0,1,0,0,0,1,0,1,1,1,1,0,1,0,1,1,1,1,1,1,0,0,0,1,1,-0.8571
person_197,1,1,1,0,1,0,1,0,1,0,1,1,0,0,0,1,0,0,0,0,1,1,1,0,0,0,0,1,1,0,-1.3541
person_198,1,1,1,0,1,1,1,1,1,1,1,1,0,0,1,1,1,1,1,1,1,1,1,1,1,0,1,1,1,0,2.0615
person_199,1,1,1,1,1,1,1,1,1,1,1,1,1,1,1,1,1,1,1,0,1,1,0,1,1,1,1,1,0,1,2.648
person_200,1,0,1,0,0,0,0,0,1,1,0,1,0,1,0,1,1,0,1,1,1,1,0,0,0,0,0,1,0,0,-0.4492
person_201,1,1,1,1,1,0,0,0,1,0,1,0,1,1,1,1,1,1,1,0,1,0,0,0,1,0,0,0,0,0,0.3652
person_202,1,0,1,1,1,0,0,0,1,1,1,0,0,0,1,1,1,0,1,1,1,1,1,0,0,0,0,0,0,0,-0.4126
person_203,1,0,1,0,1,0,0,0,0,0,1,0,0,1,0,1,0,0,1,0,1,0,0,0,1,0,0,1,0,1,-0.5279
person_204,1,1,1,0,0,1,0,1,0,1,1,1,0,0,1,1,1,1,1,1,0,1,1,0,1,0,0,1,0,0,0.6584
person_205,0,0,1,0,0,0,0,0,1,1,1,1,1,0,1,1,0,0,1,1,0,1,0,0,1,0,0,1,0,0,-0.9169
person_206,1,1,1,1,1,0,1,1,0,1,1,1,0,0,1,1,0,1,0,0,1,0,0,1,1,1,0,0,0,1,0.5095
person_207,1,1,1,1,1,1,1,0,1,1,1,0,0,1,1,1,0,0,1,1,1,1,1,0,1,0,0,0,1,1,0.6319
person_208,1,1,1,1,1,1,1,1,1,0,1,1,1,1,1,1,1,1,1,1,1,1,0,0,1,1,1,0,1,1,1.5083
person_209,1,0,1,0,0,0,0,1,0,1,1,1,1,1,0,1,0,1,0,0,1,0,0,0,1,0,0,0,1,1,0.2924
person_210,1,0,1,1,1,0,1,0,1,0,1,1,0,0,0,1,1,0,0,0,1,0,0,1,0,0,1,0,0,0,-0.5505
person_211,0,0,0,0,0,0,0,0,1,0,0,0,1,0,0,1,0,1,0,0,0,0,0,0,0,0,0,0,0,1,-1.9568
person_212,1,1,1,0,1,1,1,1,1,0,1,1,0,1,1,1,1,1,1,1,1,1,0,1,1,1,1,1,1,1,2.6265
person_213,1,1,1,0,1,0,0,0,0,0,1,1,0,0,1,1,0,1,0,1,1,0,0,0,1,0,0,0,1,1,-0.3107
person_214,0,0,0,0,0,0,0,0,1,0,0,1,1,1,1,1,0,1,1,0,0,1,0,0,1,0,0,1,0,0,-0.9157
person_215,0,0,1,0,1,0,0,1,0,0,1,0,1,1,1,0,0,0,0,0,0,0,0,0,0,0,1,0,0,0,-1.1984
person_216,1,0,1,0,1,1,0,1,1,1,1,1,0,0,1,1,1,0,1,0,1,1,1,1,1,1,1,0,0,0,0.1742
person_217,1,1,1,0,1,1,1,0,1,0,1,1,0,1,1,1,1,1,1,1,1,0,0,1,1,0,0,1,1,1,0.9169
person_218,1,1,1,0,1,0,0,0,0,1,1,1,0,1,1,1,0,0,1,0,0,1,0,0,0,0,0,1,0,1,-0.2506
person_219,1,1,1,1,1,1,0,1,1,1,1,1,1,1,1,1,1,1,1,1,1,1,1,1,1,1,1,1,1,1,2.0639
person_220,1,1,1,0,0,0,1,1,1,1,1,1,1,0,1,1,1,1,0,0,1,1,1,0,1,0,1,0,1,0,0.3707
person_221,1,1,1,1,1,1,0,1,1,1,1,1,1,1,1,1,1,0,0,1,1,1,1,0,1,0,1,1,1,0,1.2245
person_222,1,1,1,0,0,1,0,1,0,1,1,0,0,1,1,0,0,0,0,1,1,0,1,0,1,0,0,0,0,0,-0.0206
person_223,1,1,1,1,1,1,0,1,1,0,1,0,1,1,1,1,1,0,1,1,1,0,0,0,1,0,0,1,1,1,-0.1206
person_224,1,1,1,1,1,1,0,1,0,1,1,1,1,0,1,1,1,1,1,0,1,1,1,1,1,1,1,1,0,0,0.5114
person_225,1,1,1,1,1,0,1,0,0,0,1,1,1,0,1,1,1,1,0,1,1,1,0,1,1,1,1,1,1,1,0.69
person_226,1,0,1,0,0,0,0,0,0,0,0,0,0,0,0,1,0,0,0,0,1,0,0,0,0,0,0,0,0,1,-1.0266
person_227,1,1,1,1,1,1,1,1,1,0,1,1,1,0,1,1,1,1,1,1,1,1,1,1,1,1,1,1,1,1,2.0278
person_228,0,1,1,0,1,0,1,0,0,0,1,1,1,0,0,1,1,1,0,1,1,0,0,1,1,1,0,0,0,1,-0.1306
person_229,1,1,1,0,1,1,1,0,1,0,1,1,1,1,0,1,1,1,1,0,1,1,1,1,1,0,1,1,0,1,1.3275
person_230,1,1,1,1,0,0,0,1,0,0,0,1,1,1,1,0,1,1,1,0,1,0,0,0,0,0,0,0,0,1,-0.5199
person_231,1,0,0,1,1,0,0,1,0,1,1,1,0,1,1,1,1,1,0,1,1,1,1,0,1,0,1,1,1,0,0.5413
person_232,1,0,1,1,0,1,1,1,1,0,1,0,0,0,1,1,1,1,0,0,1,1,0,0,0,1,0,0,1,1,-0.37
person_233,1,1,1,1,0,1,1,0,0,1,1,1,1,1,1,1,1,1,1,1,1,1,1,1,1,1,1,1,1,0,1.689
person_234,1,0,0,0,1,0,0,0,0,0,0,0,0,1,0,1,0,0,0,1,0,0,0,1,0,0,0,0,0,0,-1.4225
person_235,0,1,1,1,1,0,0,1,0,0,0,0,1,1,1,1,0,0,0,0,1,0,0,0,0,1,0,0,0,1,-0.8973
person_236,1,1,1,1,0,0,0,0,0,0,1,0,1,0,0,1,0,1,0,0,1,1,0,1,0,0,1,0,0,0,-0.2972
person_237,1,1,1,0,1,1,1,0,1,0,1,1,1,1,1,1,1,1,1,1,1,1,1,0,1,1,1,0,0,1,1.2533
person_238,1,1,1,1,1,1,1,1,0,1,1,1,1,1,1,1,1,0,0,1,1,0,1,0,1,0,0,1,0,1,0.5503
person_239,1,0,1,1,1,1,0,1,1,1,1,0,1,0,0,1,0,1,0,0,1,1,0,1,0,0,0,1,1,1,-0.0109
person_240,1,1,1,0,0,0,0,0,1,1,1,1,0,0,0,1,0,1,1,0,1,1,0,0,1,0,1,1,0,1,-0.0119
person_241,0,0,1,0,1,0,1,0,0,0,1,1,1,0,0,0,1,1,0,0,1,0,0,0,0,0,0,1,0,0,-1.2574
person_242,1,0,1,0,0,0,0,1,1,1,1,1,1,0,0,0,0,0,0,0,0,0,0,0,0,0,0,1,0,1,-0.9777
person_243,0,0,0,0,0,0,1,0,1,0,0,0,0,0,0,1,0,0,0,0,0,0,0,0,0,0,0,0,0,0,-3.1624
person_244,1,1,1,1,0,1,0,0,1,1,1,1,1,1,1,1,1,1,1,1,1,0,1,0,1,1,1,0,1,1,1.2817
person_245,0,0,1,0,0,0,0,0,1,0,0,0,0,0,0,0,0,1,0,0,0,0,0,0,0,0,0,0,0,0,-1.4171
person_246,1,0,1,0,1,1,0,0,0,1,1,0,0,1,1,1,1,1,1,1,1,0,1,1,0,0,0,0,0,1,0.0482
person_247,1,1,1,0,0,0,0,1,0,1,1,0,1,1,1,1,1,1,0,0,1,1,0,1,1,0,0,0,0,0,0.2509
person_248,1,0,1,1,0,0,1,0,0,1,1,1,0,1,1,1,1,0,0,0,1,1,0,0,1,1,0,0,0,1,1.1618
person_249,1,0,1,1,1,1,0,1,0,0,1,1,0,0,1,1,1,0,1,0,1,0,0,0,1,1,0,1,1,1,0.7278
person_250,1,0,1,0,0,1,0,0,0,0,0,0,0,0,0,0,0,0,0,0,0,1,0,0,0,0,0,0,0,0,-1.7001
person_251,1,1,1,1,1,1,0,1,1,0,1,1,1,1,1,1,1,1,1,1,1,1,1,0,1,1,1,1,0,1,1.4985
person_252,0,1,0,0,0,0,0,0,1,1,1,0,1,1,1,1,0,0,1,1,1,0,0,1,0,0,0,0,1,0,-0.833
person_253,1,0,1,1,1,0,0,0,0,1,1,0,0,1,1,0,0,1,1,0,1,1,0,0,1,0,1,0,1,0,-0.745
person_254,1,1,1,0,1,1,1,0,1,0,1,0,1,1,1,1,1,0,1,1,1,1,1,0,1,0,0,0,0,1,0.6943
person_255,1,1,1,1,1,1,0,1,1,0,1,1,1,1,1,1,1,1,0,1,1,1,1,1,1,0,0,1,1,0,1.0157
person_256,1,1,1,1,1,0,1,0,0,1,1,1,0,1,1,1,1,1,1,1,1,0,1,1,1,1,1,0,0,1,0.5515
person_257,1,0,1,1,1,0,1,1,1,1,1,0,1,1,1,1,1,0,1,1,1,0,1,0,1,1,1,0,1,0,0.0895
person_258,1,1,1,0,1,1,1,0,1,0,1,1,1,1,1,1,1,1,1,0,1,0,0,1,1,1,1,1,1,1,1.1031
person_259,1,1,1,0,0,1,1,0,0,1,1,1,1,1,1,1,1,1,0,1,1,1,0,0,1,0,0,0,1,1,0.1797
person_260,1,1,1,1,1,1,0,1,0,0,1,0,0,1,1,1,1,1,0,1,1,1,1,0,1,0,1,0,0,1,0.2502
person_261,1,1,1,0,1,1,0,0,0,1,1,1,0,1,1,1,1,0,1,1,1,1,1,1,1,0,1,1,1,0,0.0791
person_262,1,1,0,1,1,0,0,0,0,0,1,1,0,0,1,1,1,1,0,0,0,0,1,1,1,1,0,0,1,0,-0.0516
person_263,1,1,1,0,1,1,1,1,1,0,1,1,1,1,1,1,1,1,0,1,1,1,1,1,0,0,1,0,0,1,0.0101
person_264,1,0,1,0,1,1,0,1,1,0,1,0,0,0,1,1,0,0,1,1,0,1,0,1,1,0,0,1,0,0,-0.2496
person_265,0,0,1,1,0,0,0,0,0,0,1,0,0,0,0,1,1,0,0,1,1,0,0,1,0,0,0,0,1,0,-0.9623
person_266,1,1,1,0,1,1,0,1,1,0,1,1,1,0,1,1,1,0,0,0,1,0,0,0,1,0,0,1,1,0,0.5936
person_267,1,1,1,1,1,1,0,1,0,1,1,1,0,1,1,1,0,1,0,0,1,1,1,1,1,1,0,0,0,0,0.742
person_268,1,1,1,0,1,0,1,1,1,1,1,1,1,0,1,1,0,1,0,0,1,1,1,1,1,0,0,0,1,1,0.0449
person_269,1,1,1,1,1,0,0,1,0,1,1,0,0,0,1,1,1,1,1,1,1,0,1,0,1,1,0,1,0,1,0.2959
person_270,1,1,1,1,0,0,1,1,1,1,1,1,0,1,1,1,1,1,1,1,1,1,0,1,1,1,1,1,1,0,1.061
person_271,1,1,1,0,0,0,1,0,1,1,1,1,0,1,0,1,0,1,1,0,0,0,0,0,0,0,0,0,0,1,-0.284
person_272,1,1,1,1,1,0,0,0,0,0,1,0,0,1,0,1,0,0,0,0,0,1,1,0,0,0,1,0,0,1,-0.5103
person_273,1,0,1,1,1,0,1,0,0,1,1,0,0,0,0,1,0,0,0,0,1,0,0,1,1,0,0,1,0,1,-0.5474
person_274,1,1,1,0,1,0,1,1,0,1,1,1,1,1,1,1,1,1,1,1,0,1,0,0,1,1,1,0,0,0,0.2146
person_275,1,0,1,1,1,1,1,1,1,0,1,0,0,0,0,1,1,1,1,0,0,0,0,1,0,0,0,1,1,1,-0.3332
person_276,1,1,1,1,1,1,1,1,1,0,1,1,0,1,0,1,0,0,1,1,1,0,1,0,1,1,1,1,0,1,0.4002
person_277,0,0,0,0,0,0,0,0,0,0,0,0,0,0,0,1,0,1,0,0,0,0,0,0,1,0,0,0,0,1,-1.7295
person_278,1,0,1,1,1,1,0,0,0,0,1,0,1,0,0,1,1,1,1,0,1,1,1,0,1,0,1,1,0,1,-0.085
person_279,1,0,1,1,1,1,1,0,1,1,1,0,1,0,1,1,1,1,0,0,1,1,1,0,0,1,1,0,0,0,0.2678
person_280,1,0,1,0,0,1,0,0,0,0,1,1,1,0,0,1,0,1,0,1,1,0,0,1,1,0,0,0,0,0,-0.4275
person_281,1,1,1,0,0,0,1,0,0,1,0,1,0,0,0,1,0,1,0,0,1,1,0,0,0,0,0,0,1,0,-0.2263
person_282,0,0,1,0,0,1,1,0,1,0,1,1,1,0,1,1,0,0,1,0,0,0,0,0,0,0,0,1,1,1,-0.2134
person_283,1,1,1,1,1,1,1,1,0,1,1,1,1,1,1,1,1,1,1,1,1,1,1,1,1,1,1,1,1,1,1.6761
person_284,1,1,1,1,1,1,0,1,0,1,1,1,0,1,1,1,1,1,0,0,1,1,0,1,1,1,0,0,0,0,0.1878
person_285,1,0,0,1,1,0,1,0,0,0,1,1,0,1,0,1,0,1,0,1,0,0,0,1,1,0,1,0,0,1,-0.5367
person_286,1,0,0,1,0,0,0,0,0,0,1,0,1,1,0,1,1,0,0,0,0,0,0,1,1,0,0,1,0,0,-0.3762
person_287,1,0,1,0,1,1,1,1,1,0,1,1,0,1,0,1,1,1,0,0,1,1,1,1,1,1,1,0,1,1,0.2597
person_288,1,1,1,1,1,1,1,1,0,0,1,0,0,1,1,1,0,1,0,0,1,1,0,0,1,1,0,1,1,0,0.6769
person_289,0,0,1,1,0,0,0,1,0,0,1,0,0,0,1,1,0,0,0,0,0,0,0,0,0,0,0,0,1,0,-1.3397
person_290,1,1,1,0,0,1,0,0,1,0,1,1,1,0,1,1,1,1,1,1,1,1,1,0,1,1,0,1,1,0,0.0931
person_291,0,0,0,0,0,0,1,0,0,0,1,0,0,0,1,0,0,1,0,1,0,0,0,0,0,0,1,0,0,0,-1.3834
person_292,1,1,1,1,1,0,1,1,1,0,1,1,1,1,1,1,0,1,1,1,1,0,0,0,1,0,0,1,1,0,-0.0409
person_293,1,1,1,1,1,0,1,0,1,0,1,0,0,1,1,1,1,0,1,0,1,1,1,1,1,0,1,0,1,0,0.6676
person_294,0,0,0,0,0,0,0,0,0,0,0,0,0,0,0,0,0,0,0,0,0,0,0,0,0,0,0,0,1,1,-1.8368
person_295,1,0,1,0,1,0,1,0,1,0,0,0,1,0,1,1,0,1,1,0,1,0,0,0,0,0,0,0,1,1,-0.0973
person_296,1,1,1,1,1,1,1,1,1,0,1,1,1,1,1,1,1,1,1,1,1,1,1,1,1,1,0,1,1,0,1.175
person_297,1,0,1,0,0,0,1,1,0,0,1,1,0,0,0,0,0,1,0,0,1,0,0,0,1,0,0,0,1,0,-0.9577
person_298,1,1,1,0,1,0,0,0,1,0,1,1,0,1,1,1,0,0,0,0,0,0,1,0,1,0,0,0,0,0,-0.8384
person_299,1,0,1,1,0,0,0,0,0,0,0,0,1,0,1,1,0,1,1,0,1,0,0,1,0,0,0,0,1,1,-0.8916
person_300,1,1,1,0,0,0,1,1,0,0,0,1,1,1,1,1,0,1,0,0,1,0,0,1,1,0,0,1,1,0,0.0388
person_301,0,0,1,0,1,0,0,0,0,1,0,1,0,1,1,1,1,1,1,0,0,0,1,0,0,0,0,0,0,0,-0.7832
person_302,0,0,0,0,1,0,1,0,0,1,1,0,1,0,0,1,0,1,1,0,1,0,0,0,0,0,0,0,0,0,-1.3156
person_303,1,0,1,1,1,0,0,0,0,1,0,1,0,0,1,1,1,0,1,0,0,1,0,0,1,0,0,1,0,1,-0.0992
person_304,1,1,1,1,1,1,1,0,1,0,1,1,1,1,1,1,1,1,1,1,1,1,0,1,1,1,1,1,1,1,2.0318
person_305,0,0,1,0,1,0,1,1,1,0,1,1,1,1,1,1,1,0,1,0,1,0,0,0,1,0,1,0,0,0,0.0859
person_306,1,0,1,1,0,0,1,1,1,1,1,1,1,0,1,1,1,1,1,1,1,0,1,0,1,0,1,0,1,0,0.3282
person_307,1,1,1,0,1,0,1,1,0,0,1,1,1,1,1,1,1,0,0,1,1,1,1,0,1,1,1,0,1,1,0.7217
person_308,1,1,1,1,1,0,0,0,1,1,1,0,0,0,1,1,1,0,1,1,1,0,0,1,1,0,0,0,0,0,-0.8004
person_309,0,0,0,0,0,0,0,0,0,0,0,0,0,0,0,1,0,0,0,0,0,0,0,0,0,0,0,0,0,1,-1.8967
person_310,1,1,1,1,1,0,1,1,1,0,1,1,0,1,1,1,1,1,1,0,1,0,0,1,0,1,0,0,1,1,0.1281
person_311,1,1,1,1,1,1,0,1,1,1,1,1,0,1,1,1,1,1,1,0,1,1,1,0,1,1,1,1,0,1,1.8316
person_312,1,0,1,0,1,0,0,1,1,1,0,1,0,1,1,1,1,1,0,0,1,1,1,1,1,0,0,0,0,0,-0.2135
person_313,1,0,1,1,1,1,0,0,0,0,1,1,0,0,1,1,1,1,1,0,1,1,0,1,1,1,0,1,0,1,0.3272
person_314,1,1,1,1,1,1,0,0,1,1,1,0,1,0,1,1,1,1,0,0,1,1,0,1,1,0,1,1,1,1,0.2541
person_315,1,0,1,0,1,0,0,1,0,0,1,1,0,1,1,1,1,0,1,0,0,1,0,1,1,0,0,1,0,1,-0.0671
person_316,1,1,1,0,1,1,1,1,1,0,1,1,0,1,1,1,1,1,1,0,1,1,1,1,1,1,1,0,1,1,0.1633
person_317,0,0,1,1,1,1,0,0,0,1,1,1,0,1,1,1,1,1,1,1,1,1,1,1,1,0,1,1,0,1,1.0513
person_318,1,1,1,1,1,0,1,1,1,1,1,1,1,1,1,1,1,1,0,1,1,0,1,1,1,1,1,1,0,0,1.087
person_319,1,1,1,1,1,1,0,1,1,0,1,1,1,1,0,1,1,1,0,1,1,1,1,0,1,1,1,0,0,1,0.3797
person_320,1,1,1,1,0,0,0,0,0,0,1,1,1,1,1,1,0,1,1,0,0,1,1,0,0,0,0,0,1,0,-0.4994
person_321,1,1,1,1,1,1,1,1,1,1,1,1,0,1,1,1,1,1,1,1,1,0,1,1,1,1,1,1,0,0,2.0984
person_322,1,1,1,1,1,1,1,1,1,1,1,1,1,1,1,1,1,1,1,0,1,1,1,1,1,1,1,0,1,1,1.4673
person_323,0,0,1,0,1,0,1,0,0,1,0,0,0,0,1,1,1,1,1,0,0,1,1,0,0,0,1,0,1,0,-0.1035
person_324,0,0,1,1,0,0,0,0,1,0,1,0,0,0,0,1,1,1,0,1,0,0,0,0,1,1,0,1,0,1,-0.2871
person_325,1,1,1,1,1,1,0,1,1,0,1,0,0,1,1,1,0,0,0,0,0,0,0,1,1,0,0,1,1,0,0.0346
person_326,1,0,1,0,0,1,0,1,0,1,1,1,1,1,1,1,1,1,1,1,1,0,1,0,1,0,0,1,1,0,0.1821
person_327,0,0,1,0,1,0,0,1,0,0,1,0,0,1,0,1,0,0,0,1,1,1,1,0,0,0,0,1,0,0,-0.7692
person_328,0,0,1,0,0,0,0,0,1,0,0,0,0,0,0,0,0,1,0,0,0,1,0,0,0,0,0,0,0,0,-1.1997
person_329,0,0,1,0,0,0,0,0,0,0,0,1,0,0,0,0,1,0,0,1,0,0,0,0,0,0,0,0,0,0,-1.3587
person_330,1,1,1,1,1,1,1,0,1,0,1,0,0,1,1,1,1,1,0,1,1,1,1,1,1,1,0,0,0,1,0.3045
person_331,1,1,1,1,1,1,0,1,1,0,1,0,0,1,1,1,0,0,0,1,1,1,1,1,0,1,1,0,1,1,0.3326
person_332,1,1,1,0,1,1,1,1,0,0,1,1,1,1,1,1,1,1,1,1,1,0,0,1,1,0,1,0,0,1,0.5981
person_333,1,1,1,1,1,1,1,0,1,1,1,1,1,1,1,1,1,1,1,1,1,1,1,1,1,1,0,1,0,0,1.2615
person_334,0,1,1,0,1,1,0,1,1,0,1,1,1,1,1,1,1,1,0,1,1,1,1,1,1,0,0,0,1,0,0.6975
person_335,0,1,1,1,1,1,1,1,1,0,1,1,1,1,1,1,1,1,1,0,1,1,0,0,1,1,1,1,0,0,0.781
person_336,0,0,1,0,0,0,0,1,0,0,1,1,0,1,1,1,1,1,1,0,1,0,0,1,1,0,0,1,1,1,-0.337
person_337,1,1,1,1,1,0,0,0,1,0,1,1,0,1,1,1,1,0,0,0,1,1,0,1,1,0,1,0,1,0,0.2745
person_338,1,0,1,1,1,0,1,1,1,1,1,1,0,0,1,0,0,1,1,0,1,1,0,1,1,1,0,0,0,1,0.6494
person_339,1,1,1,0,0,1,1,1,1,0,1,0,0,1,1,1,1,1,1,1,1,0,1,0,1,1,1,1,0,1,1.5217
person_340,1,0,1,0,0,0,0,0,0,0,1,0,1,0,0,1,0,0,0,0,0,0,0,1,0,0,0,0,0,0,-1.2639
person_341,1,1,1,1,1,0,0,1,0,0,1,1,1,0,1,1,1,1,1,0,1,0,0,1,1,0,1,1,1,0,-0.2774
person_342,1,0,1,1,1,1,1,1,1,1,1,1,0,1,1,1,1,0,1,1,1,0,0,0,1,0,0,0,0,0,0.2959
person_343,1,1,1,0,0,1,1,1,1,0,1,1,1,1,1,1,1,1,0,1,1,1,0,1,1,1,0,1,1,1,1.0659
person_344,1,0,1,1,0,0,1,1,1,1,1,0,0,1,1,1,0,1,1,0,1,1,0,0,1,0,0,1,0,1,-0.0035
person_345,1,1,1,0,1,0,1,1,0,1,1,1,1,1,1,1,1,0,0,1,0,1,1,0,1,0,0,1,1,1,0.2139
person_346,1,0,1,0,0,1,1,0,0,0,0,1,0,0,1,1,0,1,1,0,1,0,1,1,0,0,1,0,1,0,-0.4938
person_347,1,1,1,1,1,1,1,1,0,1,0,0,0,0,1,1,1,0,0,0,1,0,1,0,0,0,0,0,0,0,-0.4375
person_348,1,1,1,0,0,0,0,0,0,0,1,0,0,1,0,0,1,1,0,0,1,0,0,0,1,0,0,0,1,0,-0.7238
person_349,1,1,1,1,0,0,0,0,1,0,1,1,0,1,1,1,0,1,1,1,1,0,0,1,0,0,1,0,0,0,0.115
person_350,0,1,1,0,0,0,0,0,1,1,1,1,1,0,0,1,0,0,0,0,0,1,1,0,0,0,1,0,1,1,-0.4457
person_351,1,1,1,1,1,1,0,0,1,1,1,1,0,1,1,1,0,1,1,1,1,0,1,0,1,1,1,1,0,1,0.5629
person_352,1,1,1,0,1,0,1,1,1,0,1,1,1,0,1,1,1,0,0,0,1,1,1,1,0,0,1,0,0,1,0.0634
person_353,1,1,1,0,1,1,1,1,1,1,1,1,0,1,1,1,1,0,1,1,1,1,0,0,1,1,1,1,0,0,1.3302
person_354,1,1,1,1,1,0,1,1,0,0,1,1,0,1,1,1,1,1,1,1,1,0,0,1,0,0,0,1,0,0,0.1002
person_355,1,1,1,1,1,1,1,1,0,1,1,1,1,1,1,1,1,1,1,1,1,1,1,1,1,0,0,1,0,0,1.5172
person_356,1,0,0,1,0,0,1,0,0,0,1,1,0,0,1,1,0,1,1,1,0,0,0,0,0,0,0,0,1,0,-0.6111
person_357,1,0,1,0,1,1,1,1,0,0,1,0,0,1,1,1,0,1,0,1,1,1,0,1,1,0,0,1,1,1,0.3146
person_358,1,0,0,0,1,0,0,0,0,1,0,1,1,1,1,1,0,1,0,1,1,0,0,0,1,0,0,1,0,0,-0.2444
person_359,0,0,0,0,0,0,0,0,0,0,0,0,0,0,0,1,0,0,1,1,0,0,0,0,0,0,0,0,0,0,-1.8705
person_360,1,1,1,0,1,1,0,0,1,1,1,0,0,0,1,1,1,0,1,1,1,1,0,0,1,1,1,0,1,1,0.9137
person_361,1,0,1,1,1,1,1,0,0,1,0,0,0,0,1,1,0,0,0,1,0,1,0,0,1,0,0,0,0,1,-0.1284
person_362,1,0,1,0,1,1,1,1,0,0,1,1,0,1,1,1,1,0,0,1,1,0,0,0,1,0,1,0,0,1,0.1138
person_363,0,0,0,1,1,0,0,0,0,0,0,0,0,0,1,0,0,0,0,0,0,0,0,0,0,0,0,0,0,0,-1.2499
person_364,0,1,1,0,0,0,0,0,0,0,1,0,1,0,0,1,1,0,0,0,1,1,1,0,1,1,0,0,1,1,-0.5563
person_365,1,0,0,1,1,0,0,0,0,1,1,1,1,0,1,1,1,1,0,0,1,1,1,1,1,1,0,1,1,1,0.198
person_366,1,1,1,1,1,0,1,0,0,0,1,1,1,0,0,1,1,1,0,1,1,1,0,0,1,1,0,0,1,0,-0.0452
person_367,1,1,1,0,1,1,1,0,0,0,1,1,1,0,1,1,1,1,1,1,1,0,0,1,0,0,0,0,1,1,0.7
person_368,1,1,1,1,0,0,0,1,0,0,1,0,0,1,1,1,1,0,0,0,1,1,0,1,1,1,0,1,1,1,0.503
person_369,1,0,1,0,1,0,0,0,0,0,0,0,1,1,1,1,1,1,0,0,1,0,0,0,0,0,0,0,0,0,-0.8797
person_370,0,0,0,0,1,1,1,0,0,1,0,1,0,1,1,1,0,1,1,0,1,0,0,0,0,0,0,0,0,1,-0.5645
person_371,1,0,1,1,1,1,1,0,1,1,1,1,1,1,1,1,1,1,0,1,1,1,1,1,1,1,1,1,1,1,1.4832
person_372,1,1,1,1,1,0,0,0,1,0,1,0,1,1,1,1,1,1,1,0,0,1,0,1,0,0,0,1,1,0,-0.2196
person_373,1,0,1,1,1,1,1,0,1,0,1,1,1,1,1,1,1,1,1,1,1,0,1,1,1,1,1,0,0,0,1.1554
person_374,0,0,1,0,1,0,0,0,0,0,0,0,0,0,1,1,1,0,1,1,1,1,0,1,1,0,0,1,0,1,-0.8359
person_375,1,0,1,0,1,0,1,0,0,1,0,1,1,0,0,0,0,0,1,0,0,1,1,0,0,0,0,0,0,1,-0.7413
person_376,1,0,1,0,1,0,0,1,0,0,1,0,1,1,1,1,1,1,1,1,0,1,0,0,0,0,0,0,1,0,-0.1758
person_377,1,0,1,0,1,0,1,0,0,0,0,0,1,1,1,1,0,1,1,1,0,1,1,0,0,0,0,0,0,1,-0.41
person_378,1,0,1,1,1,0,1,0,1,0,1,1,1,1,1,1,0,1,0,1,0,1,0,1,1,1,1,0,1,0,-0.291
person_379,1,0,1,1,1,0,1,1,1,0,1,0,0,0,1,1,1,1,1,0,1,0,1,0,1,0,0,1,0,1,-0.1175
person_380,1,0,1,0,1,0,0,0,1,1,1,1,1,1,0,1,1,1,1,1,0,0,0,0,1,0,1,0,0,0,0.0355
person_381,1,1,1,1,1,1,1,1,1,1,1,1,1,1,1,1,1,1,1,0,1,1,1,1,1,1,1,1,0,1,3.1242
person_382,1,0,0,1,1,0,0,0,0,0,1,0,1,0,1,1,0,0,0,1,0,0,0,0,1,1,0,0,0,1,-0.5063
person_383,1,1,1,1,0,1,1,1,1,0,1,1,1,0,1,1,1,1,0,1,1,1,0,1,1,1,0,1,1,0,0.4849
person_384,1,0,1,0,1,1,1,0,0,0,1,1,0,1,1,1,1,1,0,0,1,1,1,0,1,1,1,1,1,0,0.9238
person_385,1,1,1,1,0,0,0,1,1,1,1,1,1,0,1,1,1,1,1,0,1,1,0,0,0,1,0,0,1,1,0.2921
person_386,1,0,1,0,1,0,1,1,0,0,1,0,1,1,1,1,1,0,0,0,1,1,1,0,1,0,0,0,1,1,0.1034
person_387,0,0,0,0,0,0,0,0,0,0,0,0,0,0,0,0,1,0,0,0,0,0,0,0,0,0,0,0,0,0,-3.3191
person_388,1,0,1,0,1,0,0,1,1,0,1,0,0,1,0,1,0,0,0,1,1,1,0,1,1,0,0,1,1,0,-0.3608
person_389,0,0,1,1,1,0,0,1,1,0,1,0,0,0,1,1,0,1,1,0,1,1,0,0,0,0,0,0,0,0,-1.1409
person_390,1,1,1,0,1,1,1,0,0,1,1,1,1,0,1,1,1,1,0,1,1,0,1,1,1,1,1,1,1,1,1.8593
person_391,0,0,1,1,1,0,0,0,0,0,1,1,0,0,0,1,0,0,0,1,0,0,0,1,0,0,0,0,0,0,-1.8133
person_392,0,1,1,0,0,0,1,0,1,0,1,1,0,0,0,1,0,0,0,0,1,0,0,1,1,0,0,0,0,1,-0.9518
person_393,1,0,1,0,0,1,1,0,0,0,0,1,0,0,1,1,1,1,1,0,1,1,0,0,0,0,0,0,0,0,-0.6887
person_394,1,1,1,0,1,0,0,0,1,1,1,1,1,0,1,1,1,1,0,0,1,1,1,1,1,0,0,0,0,0,0.5495
person_395,0,0,0,0,1,0,0,0,0,1,0,0,0,1,0,1,0,0,0,1,1,1,1,1,0,0,0,1,1,1,-0.6507
person_396,1,0,0,0,0,0,0,0,0,0,0,0,0,0,1,0,1,0,0,0,1,0,1,1,0,0,1,0,0,0,-1.3874
person_397,1,0,1,0,1,1,1,1,1,1,1,1,1,0,0,1,1,0,1,0,1,1,1,1,1,0,1,1,0,0,0.5925
person_398,1,1,1,1,1,0,1,0,1,1,1,1,1,1,1,1,1,1,0,1,1,1,1,1,1,1,1,1,0,1,1.0011
person_399,1,1,1,1,1,1,0,1,1,1,1,1,1,1,1,1,1,0,1,1,0,1,1,1,1,1,1,1,1,0,1.2165
person_400,1,0,1,0,1,0,1,1,0,1,1,0,0,1,1,1,1,1,0,1,0,0,1,0,1,0,1,1,1,0,-0.6358
person_401,0,0,1,0,0,0,0,0,1,0,0,1,0,0,1,1,0,0,1,1,0,0,0,0,1,0,0,0,0,0,-1.3903
person_402,1,1,0,0,1,0,1,0,1,0,1,0,0,0,1,1,0,1,1,0,1,1,1,1,0,0,0,0,0,0,-0.1122
person_403,1,0,1,0,0,0,0,1,0,1,1,1,0,0,0,0,0,0,1,0,0,0,0,0,0,0,1,1,0,1,-0.8291
person_404,1,1,1,1,1,1,0,0,1,1,1,1,1,1,1,1,0,0,1,0,1,1,1,0,1,0,1,1,0,1,0.2295
person_405,1,0,1,0,1,1,1,1,1,1,1,1,0,0,0,1,0,0,0,0,1,0,1,1,1,0,0,0,1,1,-0.2072
person_406,0,0,0,1,0,0,0,1,0,0,0,0,0,0,0,0,0,0,1,0,0,0,0,0,0,0,0,0,0,0,-2.1066
person_407,0,0,1,0,1,0,1,0,0,0,0,1,0,0,1,1,0,0,1,0,1,0,0,0,1,0,0,0,0,1,-0.8457
person_408,1,1,1,0,1,1,1,0,1,0,1,1,0,1,1,1,1,0,0,0,1,1,1,0,1,1,1,1,1,1,1.1006
person_409,0,0,1,1,1,0,1,0,0,0,0,0,0,1,1,1,0,0,1,0,0,0,0,0,0,0,0,0,0,0,-0.7498
person_410,1,0,0,0,0,0,1,0,0,1,1,1,0,0,1,1,1,0,0,1,1,1,0,1,0,0,1,1,0,0,-0.4763
person_411,0,0,0,1,1,0,1,0,0,1,0,0,1,1,1,1,0,0,0,0,0,0,1,0,0,0,0,0,1,0,-0.6836
person_412,0,1,1,1,1,1,1,0,0,0,1,1,1,0,1,1,1,1,0,1,0,1,0,0,0,1,1,0,0,1,0.0751
person_413,1,1,1,1,0,1,0,1,0,0,0,1,1,1,1,1,0,0,1,1,1,0,0,1,0,1,1,1,0,1,0.0219
person_414,1,1,1,1,0,1,1,0,1,1,1,1,0,1,1,1,1,1,1,1,1,1,1,1,1,1,1,0,1,1,1.1081
person_415,1,1,1,1,1,1,0,1,1,1,1,1,1,0,1,1,1,1,0,1,0,1,1,1,1,1,1,1,1,1,1.7898
person_416,1,1,1,1,1,0,1,1,0,1,1,0,1,1,1,1,0,1,1,1,0,0,1,0,0,1,1,0,0,0,0.0702
person_417,0,0,1,1,1,0,0,0,1,1,1,1,1,0,1,1,1,0,1,0,1,1,0,0,0,0,0,1,1,1,-0.2425
person_418,1,1,1,0,0,1,0,1,1,1,1,1,1,0,1,1,1,1,0,1,1,1,1,1,1,1,1,1,0,0,1.727
person_419,1,0,1,1,0,0,0,0,0,1,1,1,0,1,1,1,0,0,0,0,0,0,0,1,0,0,0,0,0,1,-0.7905
person_420,1,0,1,0,1,0,0,0,1,0,1,1,0,0,1,1,1,1,0,1,0,1,1,1,0,0,1,0,0,1,-0.0252
person_421,1,1,1,0,1,0,0,1,1,0,1,1,0,1,1,1,1,1,0,1,1,1,0,1,1,1,1,1,1,1,0.9139
person_422,1,1,1,0,1,0,0,1,0,0,1,1,0,1,1,1,0,1,0,0,1,1,0,0,0,0,0,0,1,0,-0.423
person_423,1,0,0,1,1,0,0,0,0,1,1,1,0,1,1,1,0,1,0,0,0,0,0,0,0,0,0,0,0,1,-0.6757
person_424,1,1,1,1,1,1,1,1,1,0,1,1,0,1,1,1,1,1,0,0,1,1,0,1,0,1,1,0,1,1,0.4034
person_425,1,0,1,0,1,1,0,1,0,0,1,0,1,1,1,1,0,1,1,0,1,0,1,0,1,0,1,0,1,0,-0.3224
person_426,1,0,1,1,1,0,1,0,1,1,1,0,0,0,1,0,1,1,1,1,1,0,0,1,0,1,0,1,0,0,0.0253
person_427,1,0,1,0,1,1,1,0,1,0,1,1,0,1,1,1,1,0,1,1,1,0,0,0,0,1,0,0,1,0,0.358
person_428,0,0,0,0,0,0,0,0,0,0,0,0,0,0,0,0,0,0,0,0,0,0,0,0,0,0,0,0,0,0,-3.5476
person_429,1,1,1,0,1,1,1,0,0,1,1,1,1,1,1,1,1,1,1,0,1,1,0,1,1,0,0,0,0,1,0.0534
person_430,1,1,1,0,1,1,0,0,1,1,1,0,0,1,0,1,1,1,1,1,1,0,0,0,1,0,1,0,0,0,-0.0145
person_431,1,1,1,1,1,0,0,0,0,1,1,1,0,1,1,1,1,1,0,1,1,1,0,0,0,1,1,0,1,0,0.1763
person_432,0,0,0,0,1,0,0,0,0,0,0,0,0,0,0,0,0,0,0,0,0,0,0,0,0,0,0,0,0,0,-1.8781
person_433,1,0,1,0,0,0,0,0,0,0,0,0,0,0,0,0,0,0,1,0,0,0,0,0,0,0,0,0,0,1,-1.7317
person_434,0,0,1,0,0,0,0,1,0,1,1,0,0,0,1,1,1,1,1,0,1,0,1,0,0,0,0,0,0,0,-0.8917
person_435,0,0,1,0,0,0,1,0,1,0,1,0,0,0,0,0,0,0,0,0,0,0,0,0,0,0,0,0,0,1,-2.0787
person_436,1,0,1,0,1,0,1,1,1,0,1,1,1,0,1,1,1,0,1,0,1,0,0,0,1,0,0,0,0,0,-0.4843
person_437,1,1,1,1,1,1,1,1,1,1,1,1,0,1,1,1,1,1,1,1,1,1,1,1,1,1,1,1,1,0,2.6697
person_438,1,0,1,1,0,0,0,0,1,1,0,0,1,1,0,1,1,0,0,0,0,0,0,0,0,0,0,0,0,1,-0.9258
person_439,1,1,1,0,1,1,1,1,1,1,1,1,0,1,0,1,0,1,1,1,1,1,1,1,0,1,0,1,1,1,0.3332
person_440,1,0,1,1,1,1,1,0,0,0,1,1,1,1,1,1,1,1,0,1,1,1,0,1,0,0,1,0,0,1,-0.1744
person_441,1,0,1,1,1,0,0,0,1,1,1,1,1,1,1,1,1,0,1,0,1,1,0,0,1,1,1,1,0,1,1.3425
person_442,1,0,1,0,1,0,1,0,0,1,0,1,0,1,1,0,1,0,0,1,1,1,0,0,1,1,0,0,0,1,-0.0315
person_443,1,1,1,0,1,1,1,1,1,1,1,0,0,1,1,1,1,1,1,0,1,1,1,1,1,0,0,1,1,0,0.8467
person_444,1,0,1,1,1,1,0,0,1,1,1,1,1,0,1,0,0,0,0,0,1,0,1,0,0,1,1,0,1,1,-0.0984
person_445,1,0,1,0,0,0,0,0,0,1,0,1,1,0,1,1,0,1,0,1,0,1,0,0,1,0,0,0,0,0,-0.8309
person_446,1,0,1,0,1,1,1,0,0,1,1,1,1,0,1,1,1,1,0,0,1,0,0,0,0,0,1,0,0,0,0.2639
person_447,1,1,1,0,1,1,1,0,1,0,1,0,1,0,1,1,0,1,1,1,1,0,0,1,1,1,0,1,0,0,0.3642
person_448,1,1,1,1,1,0,1,1,0,0,1,0,1,1,1,1,1,0,0,1,0,0,1,0,0,0,1,0,1,1,-0.6779
person_449,1,1,1,1,1,0,0,0,0,1,1,0,1,0,0,1,1,0,1,1,0,0,0,0,1,0,0,0,0,1,-0.639
person_450,0,1,1,1,0,1,0,1,0,1,1,1,0,0,1,1,1,0,1,0,0,0,0,1,1,0,1,0,0,1,0.3659
person_451,1,1,1,0,0,0,0,1,0,1,1,1,1,0,1,1,1,0,1,1,1,0,0,1,1,0,1,1,0,0,-0.1083
person_452,1,1,0,0,1,0,0,0,0,0,0,1,0,0,1,1,0,0,0,0,1,0,0,0,0,0,1,0,0,0,-1.1158
person_453,1,1,1,1,1,0,0,0,0,0,1,0,0,0,1,1,1,1,0,1,1,1,1,1,1,1,1,1,1,1,0.4769
person_454,1,0,1,1,1,1,1,0,1,1,0,0,0,0,1,1,0,1,0,0,0,0,0,1,0,1,0,1,0,0,-0.4074
person_455,1,0,1,1,1,1,1,1,0,1,1,1,0,0,1,1,1,1,1,1,1,0,1,1,1,0,1,1,1,0,1.3667
person_456,1,1,1,0,1,0,1,1,0,1,1,0,0,1,1,1,1,1,1,1,1,1,1,0,1,0,1,0,0,0,-0.3262
person_457,1,1,1,0,1,1,1,1,1,1,1,1,1,1,1,1,1,0,0,1,1,0,1,1,1,1,0,0,0,1,0.9545
person_458,1,0,1,1,0,0,0,1,0,0,1,0,0,0,1,1,0,0,0,0,0,0,1,0,0,1,0,0,1,1,-1.1825
person_459,0,0,0,1,0,0,0,0,0,0,0,0,0,1,0,0,0,0,1,1,0,0,0,0,0,0,0,0,0,1,-1.5097
person_460,1,0,1,1,1,0,1,1,0,1,1,1,1,1,0,1,1,1,0,0,1,1,0,0,1,0,1,1,1,0,0.4994
person_461,1,1,1,0,1,1,1,1,0,1,1,1,0,1,1,1,1,1,0,1,1,1,1,0,1,0,0,1,1,1,1.0627
person_462,1,0,1,0,0,0,0,0,0,1,1,1,0,0,0,1,0,0,1,0,1,1,0,1,1,0,0,0,1,1,-0.3085
person_463,1,1,1,1,1,0,0,0,0,0,1,0,1,0,1,1,0,1,0,0,1,1,1,0,1,1,0,1,0,0,0.0676
person_464,1,0,1,1,0,0,0,1,1,0,1,1,1,1,1,1,1,1,0,0,1,1,0,1,1,0,1,0,0,1,0.3954
person_465,1,1,1,1,1,1,1,1,1,0,1,1,1,1,1,1,1,1,0,1,0,0,1,1,1,0,1,0,1,0,1.5752
person_466,1,0,1,1,0,0,0,1,0,1,1,0,1,0,0,1,0,1,1,1,0,0,0,0,0,0,0,0,0,0,-1.198
person_467,1,0,1,1,1,0,0,0,0,0,1,0,1,1,1,1,1,0,0,0,1,0,0,1,0,0,0,1,1,1,-0.1502
person_468,1,0,1,1,1,1,0,1,1,0,1,0,1,1,1,1,1,1,0,1,1,1,1,1,1,1,1,0,0,1,1.1943
person_469,1,1,1,1,1,0,1,0,1,0,1,1,1,0,1,1,1,0,1,0,0,0,0,1,1,0,1,0,0,0,-0.5293
person_470,1,0,1,0,1,1,0,0,0,1,1,1,1,0,1,1,1,1,1,1,1,0,1,0,0,0,0,0,0,0,0.2073
person_471,1,0,1,1,1,1,1,0,0,0,1,1,0,0,1,1,1,0,0,1,1,0,1,0,1,0,1,1,1,1,0.5305
person_472,1,0,1,1,0,0,0,0,0,1,0,0,1,0,0,1,1,0,0,0,1,0,0,0,1,1,0,0,0,0,-1.123
person_473,1,0,1,1,1,0,0,0,1,0,0,1,1,0,0,1,0,1,1,1,1,0,0,0,0,1,0,0,0,0,-0.5115
person_474,1,1,1,0,0,0,1,1,1,1,1,1,0,1,1,1,1,1,0,0,1,1,0,0,1,1,0,0,0,1,0.9023
person_475,1,0,1,1,1,0,1,0,1,1,1,0,0,0,1,1,1,1,0,0,1,1,0,0,0,0,1,0,0,1,-0.1794
person_476,1,1,1,0,1,0,1,1,1,0,1,1,0,1,0,1,0,0,0,0,1,1,0,0,1,0,0,0,0,1,0.2128
person_477,1,0,1,0,1,1,1,0,1,1,1,1,1,1,1,1,1,1,0,1,1,0,1,0,1,1,0,1,1,0,0.7456
person_478,1,0,0,1,1,0,0,0,0,1,1,0,1,1,1,1,0,0,0,1,0,0,1,0,1,0,0,0,0,1,-0.3195
person_479,0,0,1,0,0,0,0,0,0,0,0,0,1,0,0,0,1,0,0,0,1,0,0,0,0,0,0,0,0,0,-1.4492
person_480,0,0,1,0,0,0,0,0,0,0,0,0,0,0,1,1,0,0,0,0,0,0,0,0,0,0,0,0,0,0,-1.0257
person_481,1,1,1,0,1,1,1,1,0,1,1,1,0,1,1,1,1,0,0,1,1,1,1,1,1,1,1,0,0,0,1.2329
person_482,0,0,1,0,0,0,1,0,1,1,0,0,0,0,0,0,0,1,0,0,0,0,1,0,0,0,1,0,0,1,-0.9627
person_483,1,0,1,1,1,0,0,0,0,0,0,1,0,1,0,1,1,0,1,0,1,0,0,1,1,0,1,1,1,0,0.1712
person_484,1,0,1,0,1,0,1,0,0,0,1,1,1,1,0,1,1,0,1,1,1,1,0,0,0,0,1,0,1,1,-0.3311
person_485,1,0,1,1,0,0,0,0,0,1,1,1,1,1,1,1,0,1,0,1,1,1,1,0,1,1,0,1,1,1,0.4887
person_486,1,0,1,1,1,1,1,1,0,1,1,1,1,1,1,1,1,0,1,0,1,1,1,1,1,0,0,1,0,1,1.4091
person_487,1,0,1,0,0,0,0,1,1,1,1,1,0,0,1,1,1,1,1,1,1,1,0,0,1,0,1,1,1,0,0.0589
person_488,1,0,1,1,1,1,1,1,1,1,1,1,1,0,1,1,0,0,1,1,1,1,1,0,1,0,1,1,0,1,1.0758
person_489,1,0,1,1,1,0,1,1,1,1,1,0,0,0,1,1,1,1,0,1,1,1,1,0,1,1,1,1,1,1,0.3474
person_490,0,0,0,1,0,0,0,1,1,0,0,0,1,0,0,1,1,0,0,1,0,0,0,0,0,0,0,0,0,0,-1.7129
person_491,0,0,0,0,1,0,0,0,0,0,1,0,0,0,0,0,0,0,1,0,0,0,0,0,0,0,0,0,0,0,-1.612
person_492,1,1,1,0,1,1,0,0,0,0,1,1,1,0,1,1,1,0,0,1,1,0,0,1,1,0,1,1,1,1,-0.0239
person_493,1,1,1,0,1,0,1,1,0,1,1,1,0,1,0,1,0,1,0,0,1,1,0,0,0,0,0,1,1,0,-0.1
person_494,1,1,1,0,1,0,0,0,0,1,1,1,0,0,1,0,0,1,1,0,0,0,0,0,1,0,0,0,0,1,-0.2573
person_495,1,1,1,1,1,1,1,1,1,1,1,1,1,0,1,1,1,0,1,0,1,1,1,0,1,1,1,0,0,0,0.5131
person_496,1,0,1,0,1,1,0,0,0,1,1,1,1,1,1,1,0,1,0,1,1,1,1,0,1,0,0,0,1,1,0.8883
person_497,0,0,0,1,0,0,0,0,1,0,1,1,1,0,0,1,1,0,1,0,1,1,0,0,0,0,0,0,1,0,-1.1922
person_498,0,1,1,0,1,0,1,0,1,0,1,0,0,0,0,1,1,1,0,0,1,0,1,1,1,0,1,0,0,0,-0.5794
person_499,1,0,1,0,1,0,0,0,0,0,1,1,0,1,0,1,0,1,0,0,0,0,0,1,0,1,0,0,0,1,-1.0902
person_500,1,1,1,1,1,1,0,1,1,1,1,1,1,1,1,1,1,1,0,0,1,0,1,0,1,1,1,0,0,1,0.4047
