"","item_01","item_02","item_03","item_04","item_05","item_06","item_07","item_08","item_09","item_10","item_11","item_12","item_13","item_14","item_15","item_16","item_17","item_18","item_19","item_20","item_21","item_22","item_23","item_24","item_25","item_26","item_27","item_28","item_29","item_30","theta_true"
"person_1",1,1,1,1,1,1,0,1,1,1,1,1,0,1,1,1,0,1,1,1,1,0,0,1,1,0,1,0,1,1,0.8389
"person_2",1,1,1,0,1,0,1,1,1,0,1,1,1,1,1,1,1,0,0,1,1,0,0,0,0,0,1,0,0,1,-0.1078
"person_3",1,0,1,1,1,0,0,0,0,0,0,1,1,1,0,1,1,0,0,0,0,0,1,1,0,0,1,0,0,0,-0.8023
"person_4",1,0,1,1,1,1,1,1,0,0,1,1,0,1,1,1,1,0,1,1,1,1,0,0,1,1,0,0,1,0,0.0304
"person_5",1,0,1,1,1,1,0,1,1,0,1,1,1,1,1,1,0,1,1,0,1,0,0,1,1,0,1,1,1,1,1.1893
"person_6",1,0,1,0,1,1,1,0,1,0,1,0,1,1,1,1,1,0,0,0,1,1,0,1,1,1,0,1,0,0,0.3719
"person_7",1,1,1,0,0,1,0,0,1,0,1,1,1,1,0,1,1,1,0,0,1,0,1,0,1,0,1,0,0,1,0.235
"person_8",1,1,1,0,1,1,1,1,1,1,1,0,1,0,1,1,1,1,1,1,1,1,1,1,1,1,1,0,1,1,1.6507
"person_9",1,1,1,1,1,1,1,1,1,1,1,1,0,1,1,1,1,1,0,1,1,1,1,0,1,1,0,1,1,1,1.5909
"person_10",1,0,1,0,1,1,1,1,1,0,1,1,1,1,1,1,1,0,0,1,1,1,1,1,1,1,1,0,1,1,1.3626
"person_11",1,0,1,0,1,1,1,1,0,1,0,0,0,0,1,1,0,0,0,1,1,1,0,1,1,0,0,0,0,0,-0.1848
"person_12",0,0,1,0,0,0,0,0,1,0,0,1,0,0,0,1,0,0,0,1,0,1,0,0,0,0,0,0,0,0,-1.5063
"person_13",1,0,1,0,1,0,1,1,1,0,1,1,0,1,1,1,1,1,0,1,1,0,1,1,1,0,0,1,0,1,0.6811
"person_14",1,0,0,1,0,0,0,0,1,0,0,0,0,0,0,0,0,0,0,0,0,0,0,0,0,0,0,0,1,0,-1.4793
"person_15",1,0,1,1,1,1,0,1,1,0,1,1,1,1,1,1,1,1,1,0,1,0,1,0,0,0,0,1,0,1,0.7477
"person_16",1,1,1,0,1,0,0,0,1,0,0,1,0,0,0,1,1,1,0,0,0,0,0,0,0,0,0,0,1,0,-0.6655
"person_17",1,0,1,1,0,0,1,0,0,0,1,1,0,0,0,0,1,0,1,0,0,1,0,1,0,0,0,0,0,0,-0.5363
"person_18",1,1,1,0,1,0,1,0,0,0,1,1,0,0,1,1,0,0,0,1,0,1,0,0,1,0,0,1,1,0,-0.8731
"person_19",1,0,1,0,0,1,1,1,1,1,1,0,0,1,1,1,1,1,1,1,1,0,0,1,1,1,1,1,1,0,0.3208
"person_20",0,0,1,0,0,0,1,0,0,1,0,0,1,0,0,1,1,1,1,1,0,0,0,0,0,0,0,0,0,1,-1.1015
"person_21",1,0,1,1,1,0,1,0,0,1,1,1,0,1,1,1,1,0,0,0,1,0,0,1,0,0,0,1,1,0,0.2697
"person_22",1,1,1,0,1,1,0,1,0,0,1,1,1,1,1,1,1,1,0,1,1,1,1,0,1,1,1,1,0,1,0.4159
"person_23",0,0,1,1,0,0,0,1,1,1,0,0,0,1,1,0,1,0,0,0,1,1,0,0,0,0,0,0,0,1,-0.6419
"person_24",1,1,1,0,1,1,1,1,1,1,1,1,1,0,1,1,0,1,1,0,1,1,1,1,1,1,1,1,1,1,1.3787
"person_25",1,1,0,0,1,0,0,0,0,1,1,1,1,0,0,1,1,1,0,0,0,0,0,0,1,0,0,0,0,0,-1.123
"person_26",1,0,1,0,1,1,0,0,0,1,1,0,1,1,1,1,1,1,0,1,0,1,1,0,1,0,0,0,0,1,-0.1835
"person_27",1,1,1,0,0,1,0,0,0,0,1,1,0,0,0,1,1,0,1,0,1,1,0,0,1,1,1,0,1,1,-0.0225
"person_28",1,0,1,0,1,1,1,0,1,1,1,1,0,1,1,1,0,1,0,0,1,1,1,0,1,1,1,0,0,1,0.7241
"person_29",0,0,1,1,0,1,1,1,0,0,1,0,0,1,1,1,1,0,0,0,1,0,1,0,0,0,1,1,1,0,0.1198
"person_30",1,0,1,0,0,0,0,0,0,0,1,1,0,1,1,1,0,1,1,1,0,0,0,1,1,0,0,1,0,1,-0.2308
"person_31",1,1,1,1,0,1,0,0,1,1,1,1,1,1,1,1,1,1,0,1,1,1,1,1,1,0,0,0,1,1,0.6437
"person_32",1,1,1,0,1,1,1,1,0,1,1,1,1,1,1,1,1,1,1,1,1,1,1,1,1,1,0,1,1,1,1.5005
"person_33",1,1,1,1,1,1,1,1,1,1,1,1,0,1,1,1,1,1,0,0,1,1,1,0,1,1,1,1,1,0,2.8379
"person_34",1,1,1,1,1,0,0,0,1,0,1,0,1,0,0,1,1,0,1,1,1,1,1,0,1,0,0,0,0,1,-0.2222
"person_35",1,1,1,1,1,1,0,1,1,1,1,1,1,1,1,1,1,1,0,0,1,1,1,0,1,1,0,1,1,1,0.8586
"person_36",1,0,1,0,1,0,0,1,0,0,1,0,1,0,1,1,1,0,0,0,1,0,0,0,0,0,1,0,1,0,-0.7809
"person_37",1,0,0,0,1,0,1,1,1,0,1,0,1,1,1,1,1,0,1,1,1,0,0,0,0,0,0,0,0,0,-0.7624
"person_38",1,1,1,1,0,0,1,1,0,0,1,1,0,1,1,1,1,1,1,0,1,0,1,0,0,1,0,0,0,1,0.3159
"person_39",1,0,1,1,1,0,1,0,1,0,0,0,1,1,0,1,0,1,0,0,1,1,1,1,1,0,0,1,0,0,-0.1845
"person_40",0,0,0,0,0,0,1,0,0,0,0,0,0,0,0,1,0,0,0,1,0,0,0,0,0,0,1,0,0,0,-2.151
"person_41",1,1,1,0,1,1,1,1,1,1,1,1,0,1,1,1,1,1,0,0,1,1,1,1,1,0,1,0,0,0,1.2023
"person_42",1,1,1,1,1,1,1,1,0,1,1,1,1,1,1,1,1,1,0,1,1,1,1,0,1,1,1,1,1,0,2.0734
"person_43",0,0,0,0,1,0,0,1,0,0,0,0,1,0,1,1,1,0,1,0,0,1,1,1,0,0,1,0,0,1,-1.254
"person_44",1,1,1,1,1,1,1,1,1,1,1,1,1,1,1,1,0,1,1,0,1,1,1,0,1,1,0,0,0,0,0.7184
"person_45",1,1,1,0,1,1,1,0,0,0,1,1,1,0,1,1,0,0,1,0,1,1,1,0,0,0,0,1,1,1,0.3351
"person_46",1,0,1,1,0,0,1,0,1,0,1,1,0,1,1,1,1,0,0,0,1,1,1,0,0,0,0,1,1,1,0.1699
"person_47",1,1,1,1,1,1,0,0,1,0,1,1,1,1,1,1,0,1,0,0,1,0,1,0,1,0,0,1,1,1,1.2034
"person_48",0,0,1,1,1,0,1,0,0,1,0,1,0,0,0,0,1,1,0,1,0,0,0,0,1,0,0,0,1,1,-0.7281
"person_49",1,0,1,0,1,0,0,0,1,0,1,1,1,1,1,1,1,1,0,0,1,0,1,0,0,1,0,0,1,1,0.1363
"person_50",1,1,1,0,1,0,1,0,1,0,0,0,1,1,1,1,0,1,0,0,1,1,1,0,0,0,0,0,0,0,-0.0321
"person_51",1,0,1,1,0,0,1,0,0,1,1,1,1,0,1,0,0,1,0,0,0,1,0,1,0,0,0,0,0,1,-1.0025
"person_52",1,1,1,0,1,0,0,0,0,1,1,0,1,1,1,1,1,1,1,1,0,1,1,0,1,0,1,1,0,0,-0.2069
"person_53",1,0,1,1,1,1,1,1,0,1,1,0,0,0,1,1,0,0,0,0,1,0,1,0,1,0,0,0,1,1,-0.2728
"person_54",0,0,1,0,1,0,0,0,0,1,0,1,0,1,1,1,0,1,1,1,0,1,0,0,0,0,1,0,1,0,-0.831
"person_55",1,1,1,1,1,1,0,1,0,0,1,1,1,1,1,1,1,1,0,1,1,1,1,1,1,1,1,0,0,1,1.0412
"person_56",0,0,1,0,0,0,1,1,0,0,1,1,0,0,0,0,0,0,0,1,0,0,0,0,1,0,0,0,0,0,-1.1961
"person_57",0,0,0,0,0,0,0,0,0,0,0,0,0,0,0,0,0,0,0,0,0,0,0,0,0,0,0,0,0,0,-4.0252
"person_58",1,1,1,1,0,0,1,0,1,1,1,0,1,0,1,1,0,0,0,0,1,0,1,1,0,0,0,0,1,1,-0.6111
"person_59",1,1,1,0,1,1,1,1,0,1,1,1,1,1,1,1,1,1,0,0,1,1,0,0,1,0,1,1,1,1,2.0017
"person_60",0,0,0,0,1,0,0,0,0,0,0,1,0,0,0,0,0,0,1,0,0,0,1,1,0,0,0,0,1,0,-1.5304
"person_61",1,0,1,1,1,0,0,0,0,0,1,1,0,0,0,1,0,0,0,1,1,1,0,0,1,0,1,1,0,1,-0.2518
"person_62",1,0,0,0,1,0,1,0,0,1,0,1,1,0,1,0,0,1,0,1,0,0,0,0,0,0,0,0,0,0,-1.4558
"person_63",1,1,1,1,1,1,1,1,1,1,1,1,1,1,1,1,1,1,1,1,1,1,1,1,1,1,1,1,1,1,3.6022
"person_64",1,1,1,0,1,1,1,0,1,0,1,1,1,1,1,1,0,1,1,0,1,1,0,1,1,0,1,1,0,1,1.594
"person_65",1,1,1,1,1,1,0,1,1,1,1,1,1,1,1,1,1,1,1,0,1,1,0,0,1,1,0,1,1,1,0.6631
"person_66",1,0,1,0,0,0,1,0,0,0,0,0,0,0,0,1,1,0,0,1,0,0,0,1,0,0,0,0,1,0,-1.0902
"person_67",1,0,1,1,1,0,0,0,0,0,1,0,0,0,0,1,1,0,0,1,0,0,0,1,1,0,0,0,0,0,-1.1893
"person_68",1,1,1,1,1,1,1,1,0,1,1,1,0,1,1,1,1,1,0,1,1,1,1,1,1,1,0,1,0,0,1.0882
"person_69",1,1,0,0,1,0,0,0,0,1,1,1,1,0,1,1,1,0,0,0,1,0,1,0,1,0,0,0,0,1,-0.3486
"person_70",1,0,1,0,0,0,0,0,0,0,0,0,0,0,0,1,0,1,0,0,1,0,0,0,0,0,0,0,0,0,-1.4516
"person_71",1,1,1,1,0,1,1,1,1,1,1,1,0,1,1,1,1,1,0,1,1,0,0,0,1,1,1,1,0,1,1.3906
"person_72",1,0,1,0,1,1,0,0,0,0,1,1,1,1,1,1,0,1,0,0,0,1,0,0,1,0,1,1,1,1,-0.4242
"person_73",1,1,1,0,1,1,1,0,1,0,1,1,0,0,1,1,0,1,1,0,1,1,0,1,1,1,1,0,0,1,0.5466
"person_74",1,1,1,1,1,1,1,1,1,0,1,1,0,1,1,1,1,1,1,1,1,1,1,1,1,1,0,0,0,0,0.9352
"person_75",1,0,1,0,1,1,0,1,1,1,1,1,1,1,1,1,1,1,0,0,1,1,0,0,1,0,0,1,1,0,0.1859
"person_76",1,1,1,0,1,0,0,1,1,0,1,1,0,0,1,1,0,0,0,1,1,1,1,0,1,1,0,0,0,1,-0.2712
"person_77",1,1,1,1,1,1,1,0,1,0,1,1,0,1,1,1,1,1,1,0,1,1,1,0,1,0,1,0,0,0,0.8483
"person_78",1,1,1,1,1,1,1,1,1,1,1,0,1,1,1,1,0,0,1,0,0,1,0,0,0,1,1,1,1,0,0.1347
"person_79",1,0,1,1,1,0,1,1,1,1,0,1,1,1,1,1,0,1,1,0,1,1,0,0,1,1,0,0,1,1,-0.3084
"person_80",1,0,1,0,1,1,0,1,0,0,1,1,1,1,1,1,0,1,0,0,0,0,0,1,1,1,1,1,0,1,0.2086
"person_81",0,0,0,0,1,0,0,1,0,1,1,1,0,1,1,1,1,1,0,1,1,0,0,0,1,0,0,0,0,1,-0.6919
"person_82",1,1,1,0,1,1,1,1,1,0,1,1,1,1,1,1,1,1,0,1,1,1,1,1,1,1,1,1,0,0,2.3784
"person_83",1,0,1,1,1,1,1,0,0,1,0,1,1,0,1,1,0,0,0,1,1,0,0,0,0,1,0,0,0,1,-0.5712
"person_84",1,0,1,0,1,0,0,0,0,0,1,0,1,1,1,0,0,1,1,1,1,1,1,0,0,0,0,1,0,1,-0.741
"person_85",1,1,1,0,1,1,0,1,0,0,1,1,0,1,1,1,1,1,1,1,1,1,0,1,1,0,1,0,0,0,-0.1747
"person_86",1,0,1,1,0,0,1,0,1,1,1,1,0,1,1,1,0,1,0,0,0,1,1,0,1,1,1,1,0,0,-0.3769
"person_87",1,0,1,1,1,0,0,1,1,0,0,1,0,1,1,1,1,0,0,1,0,1,0,1,0,0,1,0,1,1,0.3006
"person_88",1,0,0,0,1,0,0,0,0,0,1,0,0,0,0,0,0,0,0,1,0,0,0,0,0,0,0,1,0,0,-1.7191
"person_89",1,0,1,0,1,0,1,1,0,1,1,0,0,1,1,1,1,1,1,1,1,1,0,1,1,1,0,1,0,1,0.5522
"person_90",1,1,1,0,1,1,0,1,0,0,1,1,1,0,1,1,0,1,0,0,0,1,1,1,1,1,0,1,1,1,0.1356
"person_91",1,1,1,0,1,1,0,1,0,0,0,1,1,0,1,1,1,0,0,0,1,0,1,0,1,0,0,0,1,0,-0.2252
"person_92",1,1,1,1,1,0,1,0,1,0,1,1,0,0,1,1,1,1,1,1,0,1,0,0,1,1,1,1,1,1,0.7582
"person_93",1,0,1,1,1,0,1,1,0,0,1,1,0,0,0,1,0,0,1,0,0,0,1,1,0,0,0,1,1,0,-0.5791
"person_94",1,0,1,0,1,0,1,0,0,1,1,1,1,1,0,1,1,1,1,0,1,0,1,0,0,0,0,0,1,1,-0.3713
"person_95",1,1,1,1,0,0,0,0,1,1,1,1,1,0,1,1,1,1,1,0,1,1,1,1,1,1,1,1,1,0,0.5767
"person_96",1,0,1,0,1,0,0,1,1,0,1,1,1,1,1,1,1,1,1,1,1,1,0,1,1,1,0,0,1,0,0.1044
"person_97",0,1,1,1,0,0,1,1,1,1,1,1,0,0,1,1,0,0,1,1,1,1,0,1,1,0,0,1,1,1,0.1297
"person_98",1,0,1,1,1,0,0,0,0,0,1,1,0,0,0,1,0,0,1,0,1,0,0,1,1,0,0,0,0,0,-0.8957
"person_99",1,0,1,1,1,0,1,0,0,0,1,1,1,1,0,1,0,0,0,0,0,0,1,0,0,0,0,0,0,0,-0.5915
"person_100",1,1,1,0,1,1,0,0,1,0,1,1,0,0,1,1,0,1,0,0,0,1,1,0,1,0,1,0,1,1,0.4435
"person_101",1,1,1,1,1,1,0,0,1,0,1,1,0,1,1,1,1,0,1,0,1,1,1,1,1,1,1,1,1,0,0.6761
"person_102",1,0,1,0,1,0,1,1,0,1,1,0,1,1,1,1,0,0,0,0,0,1,0,0,1,0,0,0,1,1,0.2579
"person_103",0,1,1,1,0,0,0,1,0,0,1,1,0,1,0,1,1,0,1,1,0,1,1,0,1,0,1,1,0,1,0.0945
"person_104",1,0,1,1,1,1,1,1,1,1,1,0,0,1,1,1,1,1,1,1,1,1,1,0,1,1,1,1,1,1,0.7979
"person_105",1,1,1,0,1,1,1,1,1,1,1,1,0,1,1,1,1,1,0,0,1,1,0,1,1,1,1,1,0,1,1.3698
"person_106",1,1,1,0,1,1,0,1,1,1,1,1,1,1,1,1,1,1,0,1,1,1,1,1,1,1,1,1,1,1,1.0935
"person_107",1,1,1,1,1,1,1,0,1,1,1,1,1,1,1,1,1,1,1,1,1,1,1,1,1,1,1,0,1,1,0.8247
"person_108",1,0,1,0,1,1,1,0,1,1,1,1,0,1,1,1,1,1,1,0,1,1,1,1,1,1,1,1,0,0,0.842
"person_109",1,1,1,1,1,1,0,0,1,0,1,1,0,1,1,1,1,1,1,1,1,1,1,0,1,1,0,0,1,1,1.0414
"person_110",1,1,1,1,1,1,1,1,1,1,1,1,1,1,1,1,1,1,1,1,1,1,1,1,1,1,1,1,1,0,1.4701
"person_111",1,1,1,1,1,1,1,1,0,0,1,1,1,1,1,0,1,1,1,0,0,1,0,0,1,0,0,0,1,1,-0.1352
"person_112",1,0,1,0,0,0,1,0,0,0,0,0,0,0,1,1,0,0,0,0,1,1,0,0,0,0,0,0,0,0,-1.1569
"person_113",1,1,1,1,1,1,0,1,0,0,1,0,1,1,1,1,1,1,0,0,1,1,1,0,1,1,1,1,0,1,1.4408
"person_114",1,0,1,1,1,0,1,0,1,0,1,1,0,0,1,1,1,0,1,0,1,1,1,0,1,1,1,0,0,0,0.2151
"person_115",1,0,1,1,1,0,0,1,0,0,1,0,1,1,1,1,0,0,0,1,1,0,0,1,1,0,1,0,1,1,-0.3681
"person_116",1,1,1,0,1,0,1,1,0,1,1,1,1,0,1,1,0,0,0,1,1,1,1,1,1,0,1,1,0,1,0.4205
"person_117",1,1,1,1,1,1,1,1,1,1,1,1,0,1,1,1,1,1,1,0,1,1,0,1,0,1,0,1,0,0,0.8864
"person_118",1,0,1,1,1,0,1,1,0,0,1,1,0,0,1,1,0,0,1,1,1,1,1,1,1,1,1,1,0,1,0.4637
"person_119",1,0,1,1,1,0,1,0,1,1,1,0,0,1,0,1,1,0,0,1,0,0,0,1,1,0,0,0,0,1,0.0338
"person_120",1,1,1,0,0,0,0,0,1,0,1,1,0,1,1,1,1,1,0,0,1,1,0,0,1,1,1,0,1,0,0.0953
"person_121",1,1,1,0,1,1,1,1,0,1,1,1,0,1,0,1,1,1,1,1,1,1,0,1,1,0,1,1,1,0,0.9188
"person_122",1,0,1,1,0,0,0,0,1,1,1,1,0,1,1,1,1,1,1,1,1,1,0,1,1,0,1,0,0,1,0.4841
"person_123",1,0,1,1,1,0,1,1,1,1,1,1,0,1,1,1,0,1,1,0,1,1,0,0,1,1,0,0,1,0,0.638
"person_124",0,0,0,1,0,0,0,0,0,0,1,0,1,1,0,0,0,1,1,0,0,0,0,0,0,0,0,0,0,0,-2.3377
"person_125",1,1,1,1,1,1,1,1,1,1,1,1,0,1,1,1,1,1,1,1,1,1,1,1,1,1,1,1,1,0,2.8697
"person_126",1,0,0,0,1,0,0,0,1,1,0,1,0,0,1,1,1,1,0,1,1,0,0,0,0,0,0,0,1,1,-0.2305
"person_127",1,1,1,1,0,1,0,0,0,0,1,1,0,0,0,1,0,0,0,1,1,0,0,0,0,0,0,0,0,1,0.0345
"person_128",0,0,0,0,0,0,0,0,0,0,0,0,0,0,0,0,0,0,1,0,0,1,0,1,0,0,0,0,0,0,-1.9947
"person_129",1,1,1,0,1,1,0,1,1,1,1,1,0,1,1,1,0,0,0,0,1,1,1,0,1,0,1,1,1,1,1.1406
"person_130",1,1,1,0,1,1,0,1,0,0,1,1,1,0,1,1,0,1,0,1,1,1,0,0,1,1,0,0,1,1,0.3076
"person_131",1,1,1,1,1,1,0,1,1,1,1,1,0,1,1,1,0,0,0,0,1,0,0,0,1,1,0,0,0,1,0.3396
"person_132",1,0,1,0,0,0,0,0,1,0,0,1,0,1,0,1,0,0,1,0,0,0,0,0,0,0,0,0,1,0,-0.4777
"person_133",1,1,1,1,0,0,1,1,0,0,1,1,0,1,1,1,1,0,1,1,0,1,1,1,1,1,0,0,0,0,0.596
"person_134",1,0,1,0,1,0,0,0,0,1,1,1,1,1,1,1,1,0,0,0,1,1,0,1,0,1,0,1,0,1,0.1301
"person_135",1,0,1,1,0,1,0,0,1,1,1,1,0,1,1,1,1,1,1,0,1,0,0,0,1,1,1,1,0,0,0.2649
"person_136",1,1,1,1,1,1,0,1,1,0,1,1,1,1,1,1,1,1,1,1,1,1,1,1,1,1,1,0,0,1,1.7312
"person_137",1,1,1,0,1,1,0,1,1,1,0,1,1,1,1,1,0,1,0,0,1,1,1,0,1,1,1,1,0,0,1.1651
"person_138",0,0,1,0,0,0,0,0,0,1,1,0,0,0,0,1,0,0,1,1,1,1,0,1,0,0,0,0,0,1,-1.1528
"person_139",1,0,1,1,1,0,0,0,0,0,0,1,0,0,0,1,1,0,1,1,1,1,1,0,0,0,0,0,1,1,-1.0805
"person_140",1,0,1,1,1,0,0,0,1,0,1,0,0,1,1,1,0,1,0,1,0,1,0,0,1,0,0,0,0,0,-0.3664
"person_141",1,1,1,1,0,0,0,1,0,1,1,1,1,1,0,1,0,1,1,1,1,0,0,0,1,0,1,0,0,0,0.4261
"person_142",1,1,1,0,1,0,1,1,1,0,1,0,1,0,1,1,0,1,0,1,1,1,1,1,1,0,1,1,0,0,0.2743
"person_143",0,0,0,0,0,0,0,0,0,0,1,0,1,0,0,1,1,0,1,0,0,1,0,0,1,0,0,0,0,0,-1.5563
"person_144",1,0,1,0,1,0,0,0,0,1,0,1,0,1,1,1,1,0,1,0,0,0,0,1,0,0,0,1,1,1,-0.9252
"person_145",1,1,1,0,0,0,1,0,1,1,1,1,1,1,1,1,1,0,1,1,1,0,0,1,0,1,0,0,0,1,0.1422
"person_146",1,0,1,0,1,1,1,0,1,0,1,1,0,0,1,1,1,1,1,0,0,0,1,0,1,0,0,0,1,0,0.4967
"person_147",1,1,1,1,1,0,0,1,0,0,1,0,1,1,1,1,0,1,1,0,1,0,1,1,1,1,1,1,0,1,-0.1271
"person_148",0,1,1,0,0,0,0,1,1,1,1,0,1,0,1,1,1,1,1,1,1,0,1,1,1,0,0,1,1,0,0.5066
"person_149",0,0,1,1,1,0,0,0,1,0,1,0,0,1,0,1,0,1,0,0,0,0,1,0,0,0,0,0,0,1,-0.9808
"person_150",1,0,1,0,0,0,1,1,0,0,0,1,0,0,0,1,0,1,1,1,0,0,1,0,0,0,1,0,0,0,-0.8323
"person_151",1,0,1,0,1,0,1,0,0,0,1,1,0,1,1,1,1,1,0,1,1,0,0,1,0,0,0,0,1,0,-0.3266
"person_152",1,1,1,1,1,0,0,1,1,0,1,1,0,1,1,1,1,1,0,1,1,0,1,1,1,1,1,0,0,1,0.835
"person_153",1,0,1,1,1,0,0,0,0,1,0,0,0,0,0,1,1,0,1,1,1,0,0,1,1,0,0,0,1,0,-0.4188
"person_154",1,0,1,0,0,1,1,0,0,0,1,1,1,1,0,1,1,1,1,0,1,1,0,1,1,0,0,0,1,0,-0.2622
"person_155",0,1,1,1,1,0,0,0,0,0,0,0,0,0,0,1,0,0,1,0,0,0,1,0,0,0,0,0,1,0,-1.1101
"person_156",1,1,1,1,1,1,1,0,1,0,1,1,1,1,1,1,1,1,0,0,1,1,1,0,1,1,1,1,1,1,2.7258
"person_157",1,0,1,0,1,1,1,1,1,1,1,1,0,0,1,1,0,1,0,0,1,1,1,1,1,0,0,1,0,1,0.4788
"person_158",1,0,1,1,1,1,1,1,1,1,1,1,1,0,1,1,0,1,1,0,1,1,0,1,1,1,1,0,1,1,1.5437
"person_159",1,1,1,0,0,0,0,0,1,1,1,0,1,1,1,1,1,0,1,1,1,1,0,0,0,0,0,0,1,1,-0.4779
"person_160",1,1,0,1,1,0,1,0,1,0,1,1,0,1,0,1,0,1,0,1,0,0,0,0,1,1,0,0,1,1,-0.4463
"person_161",1,1,1,0,1,0,1,1,0,0,1,0,0,1,1,1,0,1,1,1,0,1,1,1,1,1,1,0,0,0,-0.1487
"person_162",1,1,1,1,1,0,1,1,0,1,1,1,0,0,1,1,1,1,0,0,0,0,0,0,1,0,0,0,0,1,0.2945
"person_163",1,1,1,1,1,1,1,1,1,1,1,1,0,1,1,1,1,1,1,1,1,1,1,0,1,1,1,1,0,1,2.7525
"person_164",1,0,1,0,0,1,0,0,0,1,1,1,0,1,1,1,1,0,1,0,1,1,1,0,1,1,1,1,1,1,0.705
"person_165",1,0,1,1,0,1,1,1,1,1,1,1,1,1,1,1,1,1,1,1,1,1,1,0,1,1,1,1,0,1,2.2793
"person_166",1,0,1,0,1,1,1,0,0,1,1,0,0,1,1,1,1,0,0,0,1,0,1,1,1,0,1,1,1,0,0.598
"person_167",1,1,1,1,0,0,1,1,1,1,1,1,1,1,1,0,1,1,1,1,1,0,0,1,0,0,1,0,0,1,-0.0528
"person_168",1,1,1,0,1,1,1,1,0,0,1,1,0,1,1,1,1,0,0,1,1,1,1,1,1,1,1,1,0,0,1.2758
"person_169",0,0,1,1,0,0,1,0,1,1,0,0,1,0,0,1,1,0,0,1,0,0,0,1,1,0,0,0,1,0,-1.2601
"person_170",1,0,1,1,1,1,1,0,1,0,1,0,1,1,1,1,1,1,0,1,1,1,1,1,1,1,1,1,1,1,1.1906
"person_171",1,0,0,0,0,0,1,1,1,0,1,1,1,0,1,1,1,1,1,0,0,0,1,0,1,0,0,0,0,1,-0.4084
"person_172",1,0,1,0,1,0,1,0,0,1,1,1,0,0,0,1,0,0,0,0,0,0,1,1,1,1,0,0,0,1,-0.9009
"person_173",1,1,1,0,1,1,0,1,1,0,0,1,0,1,1,1,1,1,1,1,1,1,1,1,1,1,0,1,1,1,0.7159
"person_174",1,0,0,0,1,0,0,0,1,0,1,0,0,1,1,1,1,1,0,0,1,0,0,0,1,0,0,0,0,0,-0.6419
"person_175",0,0,0,0,0,0,0,0,0,0,0,1,1,0,0,0,0,0,0,0,0,0,0,0,0,0,0,0,1,0,-1.8472
"person_176",1,0,1,1,1,0,1,0,0,0,1,0,0,1,1,1,0,1,1,0,1,1,0,1,1,1,0,0,1,1,-0.0924
"person_177",1,1,1,1,0,1,1,1,1,0,1,1,1,1,1,1,1,1,0,0,1,1,1,1,1,1,1,0,0,1,0.503
"person_178",1,1,1,1,1,1,0,1,1,1,1,1,0,0,1,1,1,1,0,0,1,1,0,0,0,0,1,0,0,0,0.0609
"person_179",1,1,1,0,0,1,1,0,0,1,1,1,1,1,1,1,0,1,1,0,1,0,0,0,1,1,1,0,1,1,0.5918
"person_180",1,0,1,0,1,0,1,0,1,0,1,0,0,1,1,1,1,1,1,0,1,1,0,1,0,0,0,0,0,1,0.0974
"person_181",0,0,1,0,1,0,1,0,0,1,1,1,1,1,0,0,0,1,0,1,0,0,1,0,1,0,1,0,1,0,-0.7331
"person_182",1,0,1,1,0,0,0,0,0,0,0,0,0,0,0,0,1,0,0,0,0,0,0,0,1,0,1,0,0,1,-1.1881
"person_183",1,0,1,0,1,1,1,0,0,1,0,1,0,0,1,1,1,1,1,1,1,1,0,0,1,0,1,0,0,0,-0.1076
"person_184",1,1,1,1,0,0,0,1,1,0,1,1,1,1,0,1,1,0,1,1,1,0,1,0,1,0,0,1,1,1,0.6012
"person_185",0,0,1,1,0,0,0,1,0,1,0,0,0,0,1,0,0,0,1,0,1,0,0,0,1,0,0,0,0,0,-1.1038
"person_186",1,0,1,1,1,1,1,1,1,0,1,1,1,1,1,1,1,1,0,0,1,1,0,0,1,1,1,0,1,0,0.8985
"person_187",1,1,1,1,1,1,1,1,1,1,1,1,1,1,1,1,1,1,0,1,1,1,1,1,1,1,1,1,1,1,1.1133
"person_188",0,0,1,0,1,0,1,0,0,0,0,0,1,0,0,1,1,1,0,1,0,0,0,0,0,0,0,0,0,0,-0.7045
"person_189",1,0,1,0,1,1,0,0,0,0,1,1,1,1,1,1,1,1,1,0,1,1,0,0,1,0,0,1,0,1,0.6983
"person_190",1,1,1,0,0,1,1,1,1,0,0,1,0,1,0,1,0,1,1,1,1,1,1,0,1,0,0,1,0,1,-0.4295
"person_191",1,1,1,0,1,0,0,1,0,0,1,1,1,0,1,1,1,1,1,0,1,1,1,1,1,1,1,1,0,1,0.8502
"person_192",1,0,1,1,1,1,0,1,0,1,1,1,0,1,0,1,1,1,1,1,1,0,0,1,1,0,0,0,0,0,-0.0693
"person_193",1,0,1,1,1,0,0,1,0,0,0,1,0,1,1,1,1,1,1,1,0,1,0,0,1,0,0,0,1,0,0.0655
"person_194",1,0,1,1,1,0,1,0,0,0,0,0,0,1,1,1,0,1,0,1,0,1,0,1,1,0,0,0,0,0,-0.4751
"person_195",1,0,1,1,1,0,0,0,1,0,1,0,0,1,0,1,0,0,1,1,1,1,0,0,0,0,1,0,1,1,-0.5289
"person_196",1,0,1,1,0,1,1,1,0,1,1,1,0,0,1,1,1,0,0,1,1,0,0,0,0,0,1,0,0,0,-0.033
"person_197",1,1,1,1,1,1,0,0,0,0,1,1,0,1,1,1,0,0,1,0,1,1,0,1,1,1,1,0,1,0,0.1817
"person_198",0,0,0,0,0,0,1,1,0,1,0,0,0,0,0,0,0,0,1,0,0,0,0,0,0,0,0,1,0,0,-2.519
"person_199",1,0,1,0,0,1,0,0,1,1,1,0,0,0,0,1,0,0,0,0,0,1,1,0,1,0,0,0,0,0,-0.8893
"person_200",1,1,1,0,1,1,0,0,0,1,1,0,1,1,1,1,1,1,1,0,1,1,1,0,1,0,0,0,0,1,0.5393
"person_201",1,1,1,1,0,1,1,0,0,0,1,1,0,0,1,1,0,1,1,0,1,1,1,1,1,0,1,1,1,0,0.3991
"person_202",0,0,0,1,0,1,0,1,0,1,0,0,1,0,0,0,0,1,0,0,1,0,0,0,0,0,0,0,1,0,-1.5059
"person_203",1,1,1,0,0,1,1,1,1,1,1,1,0,0,0,1,1,1,1,1,1,0,1,1,1,0,1,1,0,0,0.449
"person_204",1,1,1,1,1,1,1,0,1,0,1,1,1,1,0,1,1,0,0,0,0,1,0,0,0,0,0,1,1,1,-0.4703
"person_205",1,1,1,0,1,1,1,0,1,0,1,0,0,1,0,1,1,0,1,0,0,1,0,0,0,1,0,0,0,1,-0.2135
"person_206",1,0,0,0,1,0,1,0,0,0,0,1,0,0,0,1,0,0,1,0,1,0,1,1,1,0,0,0,0,1,-0.5468
"person_207",1,0,1,1,1,0,0,0,0,1,1,0,1,0,1,1,0,1,1,0,1,1,0,0,1,0,0,1,0,0,-0.0698
"person_208",1,1,1,1,0,0,0,0,1,1,0,1,0,0,0,1,0,0,1,0,0,1,1,0,0,0,0,0,0,0,-0.5514
"person_209",1,0,1,1,1,1,0,1,1,1,1,0,1,1,1,1,1,1,1,0,1,1,1,0,1,1,1,0,0,0,1.5845
"person_210",1,1,1,0,0,1,1,1,0,0,1,1,0,0,1,1,1,1,1,0,1,1,0,0,1,1,1,1,0,1,0.1984
"person_211",1,0,1,0,0,0,0,0,0,0,0,0,0,0,0,1,1,0,1,1,0,0,1,0,0,0,0,0,0,0,-1.1526
"person_212",1,0,1,1,1,0,1,0,1,1,1,1,1,1,1,1,1,1,1,1,1,1,0,0,1,1,1,1,0,1,0.8335
"person_213",0,1,1,0,1,0,0,0,1,1,0,0,1,0,0,1,0,1,0,0,0,0,0,1,1,0,0,0,0,0,-0.3123
"person_214",1,1,1,1,1,1,0,1,0,0,1,1,1,1,1,1,1,1,1,0,1,1,1,0,1,1,1,0,0,1,0.9148
"person_215",0,0,1,1,1,0,0,1,0,1,1,0,1,1,0,1,0,1,0,0,1,1,0,1,1,0,1,0,0,1,-0.3274
"person_216",1,1,1,0,1,1,1,1,1,0,1,0,1,0,1,1,1,0,1,1,1,1,1,0,1,0,0,0,1,1,0.1597
"person_217",1,0,1,0,1,1,1,0,0,1,1,1,0,0,1,1,0,0,0,1,0,1,1,0,1,0,1,0,1,0,0.0554
"person_218",1,1,1,1,1,1,1,0,1,0,1,1,1,1,1,1,1,1,0,0,1,1,1,0,1,1,0,1,1,1,0.415
"person_219",1,1,1,0,1,1,0,1,1,0,1,1,0,1,1,1,1,1,1,1,1,1,0,1,1,1,0,0,0,1,0.7552
"person_220",1,1,1,0,1,1,1,1,0,1,1,1,0,1,1,1,1,1,1,0,1,1,1,1,1,1,1,1,1,0,2.6326
"person_221",1,0,1,0,1,0,1,1,1,0,1,1,0,0,1,1,0,0,1,0,0,0,1,0,0,0,0,0,1,0,-0.2677
"person_222",1,1,1,0,0,1,0,1,0,0,1,0,0,0,0,1,0,1,0,1,1,1,1,1,1,0,1,1,0,1,0.5061
"person_223",1,1,1,0,1,0,1,1,0,1,0,1,1,0,1,1,1,0,1,1,0,0,0,1,1,0,1,1,0,0,-0.7055
"person_224",1,0,1,1,1,1,1,1,0,1,1,1,0,0,1,1,1,1,0,0,1,1,0,1,1,1,1,1,0,0,0.9727
"person_225",1,0,1,1,1,0,0,0,1,1,1,1,0,1,0,1,1,1,1,1,1,1,0,0,0,1,1,0,0,1,0.2346
"person_226",1,1,1,0,1,1,1,1,0,0,1,1,1,1,1,1,0,0,1,1,0,0,0,1,1,0,0,0,0,0,-0.1608
"person_227",1,1,1,0,1,0,1,0,0,1,1,1,0,1,1,1,1,1,0,1,1,0,0,0,1,0,0,1,0,0,0.1519
"person_228",1,1,1,1,1,1,0,1,1,0,1,1,1,1,1,1,1,0,1,0,1,1,1,0,1,0,1,0,0,0,0.7597
"person_229",1,1,1,0,1,1,0,0,1,1,1,1,0,1,1,1,1,1,1,0,1,0,1,0,1,0,1,0,1,0,1.6112
"person_230",1,0,1,1,1,1,1,1,0,1,1,1,1,0,1,1,1,1,1,0,1,1,0,0,1,0,0,1,1,0,0.395
"person_231",1,0,1,0,1,0,0,0,0,0,0,1,0,0,0,1,1,0,1,1,1,1,0,0,0,0,0,0,1,0,-0.6942
"person_232",1,0,1,1,0,0,1,0,0,0,0,0,0,0,1,1,1,1,0,1,1,0,0,0,1,0,0,0,0,1,-0.7749
"person_233",1,1,1,1,1,1,1,1,1,1,1,1,1,0,1,1,1,0,0,0,1,1,0,1,1,0,0,1,0,1,1.2611
"person_234",0,0,0,1,0,0,1,0,0,1,0,0,1,0,0,1,0,0,0,0,0,0,0,1,0,0,0,0,0,0,-1.6742
"person_235",1,0,1,0,0,0,0,1,0,0,0,1,0,0,0,1,1,0,0,0,0,1,0,1,0,0,0,0,0,0,-1.2022
"person_236",1,1,1,1,1,0,1,1,1,1,1,0,1,0,1,1,1,1,1,1,1,1,0,0,1,1,1,1,1,1,0.3898
"person_237",0,0,1,1,1,0,1,0,1,1,1,0,1,0,1,0,0,0,0,0,1,0,0,0,1,1,0,0,0,1,0.0071
"person_238",1,1,1,1,1,1,1,1,0,1,1,1,1,1,1,1,1,0,0,0,1,0,1,1,1,1,0,1,1,1,0.5668
"person_239",1,1,1,0,1,0,0,0,0,0,1,1,0,0,0,1,0,0,0,1,0,0,1,0,1,0,1,0,0,0,0.0273
"person_240",1,0,1,1,1,1,0,1,1,1,1,1,1,1,0,1,1,1,0,1,1,0,1,0,0,1,1,1,1,0,0.3487
"person_241",0,1,1,0,1,0,1,1,0,0,1,0,0,0,1,1,1,1,0,0,0,0,0,0,1,0,0,0,1,1,-0.2068
"person_242",0,0,0,0,0,0,0,0,0,1,0,1,1,0,0,0,1,0,0,0,0,0,1,1,0,0,0,0,0,0,-1.762
"person_243",1,1,1,1,0,0,0,1,0,0,0,1,0,1,0,1,0,1,0,1,0,0,1,0,1,0,0,1,1,0,-0.2519
"person_244",1,0,1,1,1,1,0,0,1,0,0,1,0,1,1,1,0,1,0,0,1,1,1,0,1,0,1,0,0,0,0.8705
"person_245",1,0,1,0,0,0,1,0,1,0,1,0,0,0,1,1,1,0,1,0,1,1,0,1,0,0,1,1,0,1,-0.6154
"person_246",0,0,1,0,0,1,1,0,0,1,1,0,0,0,1,1,0,0,0,0,0,0,0,0,0,0,0,0,0,1,-0.8763
"person_247",0,0,1,0,1,0,0,0,0,0,0,0,1,1,0,1,0,1,0,0,0,0,0,0,0,0,0,0,1,0,-1.215
"person_248",1,1,1,0,0,0,0,1,1,1,0,0,1,0,0,1,1,1,1,0,0,0,0,0,0,0,0,1,0,0,-0.9633
"person_249",1,1,1,0,0,0,1,0,1,0,1,0,1,1,1,1,1,1,1,1,1,0,1,0,1,0,0,0,1,1,0.2052
"person_250",1,1,1,0,1,0,1,0,0,0,1,1,1,0,1,1,1,1,1,0,1,1,0,1,1,1,1,0,0,0,0.4689
"person_251",1,1,1,1,1,1,1,1,1,1,1,1,1,1,1,1,1,1,0,1,1,1,1,0,1,0,1,1,1,0,1.6116
"person_252",0,1,1,0,1,0,1,1,1,0,1,1,0,0,1,1,0,0,0,1,1,0,0,0,1,0,0,1,1,1,-0.1275
"person_253",0,0,0,1,0,0,0,0,0,0,0,1,0,0,1,0,0,1,1,1,0,0,0,0,0,0,0,0,0,1,-1.9174
"person_254",1,1,1,1,1,0,0,0,1,0,1,0,0,1,0,0,0,0,0,0,0,0,0,0,1,0,0,0,1,0,-0.0865
"person_255",1,1,1,1,1,1,0,1,1,1,1,0,1,0,1,1,1,1,1,0,1,0,0,1,1,0,0,1,1,0,0.3696
"person_256",1,1,1,1,1,1,1,0,1,0,1,1,1,1,1,1,1,1,1,0,1,0,1,0,1,1,1,0,1,0,0.1694
"person_257",1,1,1,0,1,0,0,1,0,0,1,1,0,0,1,1,1,0,0,1,0,1,0,0,1,0,0,0,1,0,-0.4661
"person_258",1,1,1,1,1,1,1,0,1,1,1,1,1,1,1,1,1,1,0,1,1,1,0,1,1,0,1,1,1,1,0.7524
"person_259",1,0,1,1,1,1,0,1,1,0,1,0,0,1,1,1,1,1,1,0,1,1,1,1,1,1,1,0,0,0,0.4902
"person_260",1,1,1,0,0,0,0,0,0,0,1,0,1,0,1,1,1,0,1,1,1,1,1,0,1,1,0,0,0,1,-0.452
"person_261",1,0,1,1,1,1,0,0,1,0,1,0,1,1,1,1,1,0,0,1,1,0,0,0,1,1,0,1,0,1,0.5247
"person_262",1,1,0,1,0,0,1,0,1,1,0,0,0,1,0,1,0,1,0,0,0,0,0,0,0,0,0,0,1,0,-1.3607
"person_263",1,0,1,1,0,1,1,1,1,1,1,1,1,1,1,1,1,1,1,1,1,1,0,1,1,1,0,1,0,0,0.828
"person_264",1,1,1,1,1,1,1,1,0,1,1,1,1,0,1,1,1,1,1,1,1,1,1,1,1,0,0,0,0,0,1.1925
"person_265",1,0,1,1,0,1,0,0,0,1,1,0,0,0,1,1,0,0,1,0,1,1,0,1,0,0,0,0,1,0,-0.0953
"person_266",1,0,1,1,1,0,0,0,0,0,1,0,1,0,0,1,0,0,1,1,1,0,0,0,1,0,0,0,0,0,-0.6634
"person_267",1,1,1,1,0,1,1,1,0,1,1,1,0,1,1,1,1,0,1,1,1,1,0,0,1,1,1,0,1,1,0.559
"person_268",1,1,1,1,1,1,1,1,0,1,1,1,1,0,1,1,1,0,1,0,1,1,0,1,1,1,0,1,0,1,0.5708
"person_269",0,0,0,1,0,0,0,0,0,0,1,0,1,0,1,0,0,1,0,1,0,1,0,1,0,0,0,0,0,1,-0.9684
"person_270",1,0,1,0,0,0,0,0,0,0,1,1,0,0,1,1,1,0,1,1,1,0,0,1,0,0,0,1,0,0,-0.6146
"person_271",1,0,1,0,0,0,0,0,1,0,0,0,0,0,1,1,0,0,0,0,0,1,0,0,0,0,0,0,1,0,-1.1074
"person_272",0,0,1,0,0,1,1,0,1,0,1,1,0,0,1,1,1,1,0,1,1,0,0,0,1,0,0,0,1,1,-0.3703
"person_273",1,0,0,0,1,0,0,0,0,0,0,1,0,0,1,0,0,1,0,0,0,0,0,0,1,1,0,0,0,1,-0.366
"person_274",1,1,1,0,1,1,1,1,1,0,1,1,1,1,1,1,1,1,0,0,1,0,0,0,1,1,1,1,1,1,1.2389
"person_275",0,0,0,0,0,0,0,1,0,1,0,1,0,0,0,0,1,0,0,0,0,1,0,1,1,0,1,0,0,0,-1.58
"person_276",0,1,1,0,0,0,1,1,0,1,0,1,0,1,0,1,0,0,1,0,1,1,0,1,1,0,1,0,1,1,-0.8451
"person_277",1,0,1,0,1,0,1,0,0,0,1,1,1,0,1,1,0,0,0,0,1,0,1,0,1,0,1,1,0,0,0.5501
"person_278",0,0,1,1,1,0,0,1,0,0,0,0,0,0,1,1,1,1,0,0,0,0,0,0,0,0,0,0,0,1,-0.9552
"person_279",1,0,1,1,1,0,0,0,0,0,1,1,1,0,1,1,1,0,0,0,0,1,1,0,1,0,0,0,1,0,0.127
"person_280",0,0,1,0,1,1,0,1,1,1,1,1,0,0,1,1,1,1,1,0,1,1,0,0,1,0,1,0,1,1,0.563
"person_281",1,1,1,1,0,0,0,0,0,0,1,0,1,0,1,1,1,0,1,1,1,1,1,0,1,1,1,0,1,0,0.2634
"person_282",1,0,1,1,1,1,1,1,1,0,1,1,0,0,1,1,1,0,1,1,1,1,0,1,1,0,0,0,0,1,-0.1559
"person_283",1,1,1,0,1,0,1,0,1,1,1,1,0,1,1,1,1,1,0,0,1,0,1,0,1,0,1,1,1,1,0.2695
"person_284",1,0,1,0,1,0,1,0,0,0,0,0,0,0,1,1,0,1,0,1,1,1,0,0,0,0,0,0,1,0,-0.8771
"person_285",1,0,1,0,0,1,0,0,1,0,1,1,0,0,0,1,1,0,1,1,0,0,0,0,1,1,0,1,1,1,-0.1299
"person_286",1,0,1,1,0,0,1,0,1,0,1,1,0,1,0,1,0,0,0,0,0,0,0,0,1,0,0,0,1,1,-0.6677
"person_287",1,1,1,0,1,0,1,1,1,1,1,1,1,1,1,1,1,1,1,0,1,0,1,1,1,1,1,1,0,1,1.383
"person_288",0,0,0,0,0,0,0,1,0,0,0,0,0,0,0,0,0,0,0,0,0,0,0,1,1,0,1,1,1,0,-1.2673
"person_289",1,1,1,1,1,1,1,1,0,0,1,1,1,0,1,1,1,1,0,1,1,1,1,1,1,1,0,1,0,1,1.3393
"person_290",1,1,1,0,1,1,1,1,1,0,1,1,1,1,1,1,1,1,0,0,1,1,1,0,1,1,1,1,0,1,0.3689
"person_291",1,1,1,1,1,1,1,0,1,0,1,1,0,1,1,1,1,1,0,0,0,1,1,1,1,0,1,0,0,1,-0.0653
"person_292",1,0,1,0,0,0,0,0,0,0,0,0,1,0,0,0,0,0,0,0,0,0,0,0,0,0,0,0,0,1,-1.3693
"person_293",0,0,0,1,0,1,1,0,0,0,0,0,1,0,1,1,0,0,0,0,1,0,0,0,1,0,0,0,0,1,-0.8058
"person_294",1,0,1,1,1,1,0,0,1,1,1,1,0,1,1,1,1,1,0,0,1,0,1,0,1,0,0,0,1,1,0.4636
"person_295",1,0,1,1,1,0,1,1,1,1,1,1,1,1,1,1,1,1,0,1,1,1,0,1,1,0,1,1,1,1,0.831
"person_296",1,1,1,0,1,0,1,0,1,1,1,1,1,1,1,1,1,1,0,0,1,1,1,0,1,1,1,1,1,1,0.2345
"person_297",1,1,1,1,1,1,1,0,1,1,1,1,0,1,1,1,1,1,1,0,1,1,1,1,1,1,1,1,1,1,1.6865
"person_298",0,1,1,0,0,0,1,1,0,0,1,1,0,0,1,0,0,1,0,1,0,0,0,0,1,0,0,1,0,0,-0.1921
"person_299",1,0,1,0,1,0,0,0,1,0,1,1,0,0,1,1,0,1,1,0,1,1,0,0,0,0,1,1,0,1,0.0431
"person_300",1,1,1,1,1,1,1,1,1,1,1,1,1,1,1,1,1,1,1,0,1,1,1,0,1,1,1,1,0,1,1.5831
"person_301",1,0,1,1,1,0,1,1,1,0,1,1,1,1,1,1,1,1,0,1,1,0,1,0,1,0,0,1,1,1,0.6358
"person_302",1,0,1,0,1,1,1,0,0,0,1,1,1,0,1,1,0,0,1,1,1,0,1,0,1,1,0,1,0,0,0.9093
"person_303",1,0,1,1,1,1,0,0,1,1,1,1,0,1,1,1,1,1,0,0,1,0,1,0,1,0,0,0,0,1,0.124
"person_304",1,0,0,0,0,0,1,0,0,0,1,0,0,1,1,1,0,0,0,1,0,1,0,1,0,0,1,1,0,0,-1.3579
"person_305",1,0,1,0,1,1,0,1,0,1,1,1,0,0,0,1,0,1,1,0,1,1,0,0,0,0,0,1,1,0,-0.519
"person_306",1,0,1,1,1,1,1,1,1,0,0,0,1,1,1,1,1,1,1,1,1,1,1,1,1,0,1,0,0,0,0.7178
"person_307",1,0,1,0,1,1,0,1,0,0,1,0,1,1,1,1,1,1,1,1,1,1,0,1,1,1,0,0,0,1,0.4897
"person_308",0,0,1,1,0,1,0,0,1,1,1,0,1,1,0,1,1,0,1,1,1,0,0,0,0,0,0,1,0,1,-0.4733
"person_309",1,0,1,1,1,0,1,0,0,1,1,1,0,0,1,1,1,1,0,0,1,0,1,1,1,0,0,1,1,1,0.6418
"person_310",1,1,1,0,1,1,0,1,0,0,1,1,1,1,1,1,1,0,1,1,1,1,1,1,1,1,0,0,0,1,0.2911
"person_311",1,1,1,1,1,1,1,1,1,1,1,1,1,1,1,1,1,0,0,0,1,1,1,1,1,1,1,0,0,0,1.6854
"person_312",0,0,0,0,0,0,0,0,1,1,0,0,1,1,1,0,0,0,1,0,1,0,0,0,1,0,0,0,0,0,-1.5712
"person_313",1,0,1,0,0,1,0,0,0,1,1,0,1,0,1,1,0,1,0,1,1,1,0,0,1,1,0,0,1,1,0.1768
"person_314",1,0,0,0,1,0,1,1,0,0,0,0,0,0,0,1,0,0,1,1,0,0,0,0,0,0,0,0,0,0,-1.2482
"person_315",1,0,1,0,0,0,0,0,0,0,0,0,1,0,0,0,1,0,0,1,0,0,0,0,0,0,0,1,0,0,-1.5844
"person_316",1,1,1,0,1,0,1,1,1,0,1,1,1,0,1,1,0,1,1,1,1,1,1,0,1,1,0,0,1,0,0.7929
"person_317",1,1,1,1,1,0,0,1,1,1,1,1,1,1,1,1,1,1,1,1,0,1,0,1,1,1,1,1,1,0,0.8583
"person_318",1,1,1,1,1,1,1,1,0,0,1,1,1,1,1,1,1,1,1,1,1,1,1,1,1,1,1,0,0,1,2.1388
"person_319",1,0,1,1,1,1,1,0,1,1,1,1,1,0,1,1,0,1,0,1,1,1,1,1,1,1,1,0,1,1,0.7208
"person_320",1,0,1,0,0,0,0,1,0,0,1,1,1,1,1,1,0,1,1,0,1,1,0,0,1,0,0,1,1,0,-0.2736
"person_321",1,0,0,1,1,0,0,1,0,1,1,1,1,0,1,1,1,1,0,1,1,1,1,0,1,1,1,0,1,0,0.2822
"person_322",0,0,1,0,1,0,0,1,0,1,0,0,0,1,0,1,0,0,1,1,1,0,0,1,0,0,0,0,0,1,-1.1848
"person_323",1,0,1,0,1,1,1,0,1,1,1,1,0,1,0,1,1,0,1,0,1,1,1,0,1,0,0,0,1,1,0.0693
"person_324",0,0,1,0,0,0,1,1,1,0,0,0,1,0,0,1,1,1,0,0,0,1,0,1,0,0,1,0,1,1,-1.1718
"person_325",1,0,1,0,1,0,1,0,0,1,1,0,0,0,0,1,0,0,0,1,1,0,0,0,1,0,0,0,0,0,-0.1993
"person_326",1,1,1,1,1,1,0,1,1,1,1,1,0,0,1,1,1,1,1,0,1,1,1,1,1,1,1,1,1,1,1.2949
"person_327",1,0,1,0,1,0,1,0,1,1,1,1,0,1,1,1,1,1,1,0,1,1,1,0,1,1,1,0,1,0,0.4149
"person_328",1,0,0,1,0,1,1,1,0,0,1,0,0,0,0,1,0,1,1,1,1,0,0,0,0,1,1,0,1,1,-0.0238
"person_329",1,0,1,0,1,1,1,1,0,1,1,1,0,0,1,1,1,1,1,0,1,0,0,1,0,0,1,0,1,1,-0.3898
"person_330",1,1,1,0,1,0,1,1,1,0,1,1,1,1,1,1,1,1,0,1,1,1,0,1,1,1,1,1,1,1,1.2487
"person_331",1,1,0,0,1,1,1,0,0,1,0,1,0,0,1,1,1,1,0,0,1,0,1,1,1,0,0,0,1,0,0.2981
"person_332",1,0,0,0,1,0,0,0,0,0,0,0,0,0,0,0,0,0,0,0,0,0,0,0,0,0,0,0,1,0,-1.8182
"person_333",1,1,1,0,1,0,1,1,1,1,1,1,0,1,1,1,1,1,1,1,1,1,1,0,0,1,0,1,0,1,0.3221
"person_334",1,1,1,0,1,1,1,1,1,0,1,1,1,0,1,1,1,1,0,1,1,0,0,0,1,0,1,0,0,0,0.2602
"person_335",0,0,1,0,0,0,0,0,0,0,1,0,1,0,1,1,0,0,0,1,0,1,1,1,0,0,0,0,0,1,-0.7514
"person_336",1,1,1,1,1,0,1,0,1,0,1,1,1,1,1,1,1,1,0,0,1,0,0,1,1,0,1,1,0,1,0.7788
"person_337",1,0,1,0,1,0,0,0,0,1,1,1,0,0,1,1,0,0,0,0,1,0,0,0,1,0,0,1,1,1,-0.064
"person_338",1,0,1,1,1,1,1,1,1,1,1,1,0,0,0,1,0,1,0,0,0,0,0,0,1,1,0,1,0,1,0.5819
"person_339",1,1,1,0,1,1,1,0,1,0,1,1,0,0,0,1,0,0,1,0,1,1,0,1,1,1,1,0,0,0,-0.1903
"person_340",1,1,1,0,1,1,1,1,1,1,1,0,0,0,0,1,1,0,1,1,1,0,0,0,1,1,0,0,1,0,0.001
"person_341",1,0,1,1,1,1,1,1,1,0,1,1,0,1,1,1,1,1,1,1,1,1,1,0,1,1,1,1,0,1,1.7744
"person_342",1,1,1,1,1,1,1,1,1,1,1,1,1,1,1,1,1,1,0,1,1,1,0,1,1,1,1,1,1,1,1.4328
"person_343",1,0,1,0,1,0,0,0,1,1,1,1,1,1,0,1,1,1,0,1,1,1,0,1,1,0,0,1,0,1,0.4584
"person_344",1,0,1,1,0,1,0,1,1,1,1,1,0,1,0,1,1,1,0,1,1,1,1,1,1,1,1,0,0,1,0.9101
"person_345",1,0,1,0,1,0,0,1,1,0,1,1,0,1,1,1,0,1,0,1,1,1,0,1,0,1,0,1,1,1,0.2978
"person_346",1,0,1,0,1,0,1,0,0,0,1,0,0,0,1,1,0,1,1,0,1,1,1,0,0,0,1,0,1,0,-0.0846
"person_347",1,0,1,0,1,0,0,0,0,0,0,0,1,0,0,1,1,0,0,0,0,1,0,0,0,0,0,0,1,0,-0.617
"person_348",0,0,1,0,1,0,0,1,1,1,1,0,0,0,0,1,0,0,0,0,0,0,0,0,0,0,0,0,1,1,-1.1164
"person_349",1,0,1,0,0,0,1,0,1,0,1,1,1,1,1,0,1,0,0,0,1,0,0,1,0,0,0,0,0,0,-0.6315
"person_350",1,0,1,0,1,0,0,0,0,1,1,0,1,0,1,1,1,1,0,1,0,0,1,1,1,1,0,0,1,1,-0.1816
"person_351",1,1,1,1,1,1,1,1,1,1,1,1,1,1,1,1,1,1,0,0,1,1,1,1,1,1,1,1,0,1,1.5814
"person_352",1,1,1,1,1,1,0,1,1,1,1,1,1,1,1,1,1,1,0,1,1,0,1,1,1,1,1,0,0,1,1.4973
"person_353",1,1,1,1,1,1,1,0,0,0,1,1,0,1,1,1,1,1,0,0,1,0,1,1,1,1,1,1,0,0,0.3757
"person_354",1,0,1,1,1,0,1,1,0,0,1,1,0,0,0,1,0,1,0,1,0,0,0,0,1,0,0,0,1,1,-0.4516
"person_355",1,0,1,1,1,0,0,1,0,1,1,1,0,1,0,0,0,0,0,1,1,0,1,1,0,0,0,0,1,0,-0.3342
"person_356",1,0,1,1,0,0,0,0,0,1,1,0,1,0,0,1,1,1,0,1,0,1,0,1,0,0,1,0,0,0,-0.9687
"person_357",0,0,0,1,0,0,0,0,0,0,0,0,0,0,0,0,0,0,1,0,0,0,1,0,1,0,0,0,1,0,-1.1923
"person_358",1,1,1,1,1,1,0,1,1,1,1,1,1,0,1,1,1,1,1,0,1,1,1,1,1,0,1,0,1,0,0.8847
"person_359",0,0,1,0,0,0,0,0,1,0,1,1,0,1,1,1,0,1,0,1,1,1,1,0,1,0,0,1,0,0,-0.0743
"person_360",0,1,1,0,0,1,0,1,0,1,1,1,0,0,1,0,0,1,1,1,0,1,1,0,1,0,1,0,0,0,-0.4799
"person_361",1,0,1,0,1,0,1,1,0,0,1,1,0,0,1,1,1,0,1,0,1,1,0,0,1,1,0,0,0,0,-0.2921
"person_362",1,1,1,1,1,1,0,1,0,0,1,1,1,0,0,1,1,1,1,0,1,0,1,1,1,1,1,0,1,0,0.1055
"person_363",1,0,0,0,1,0,0,0,0,0,1,0,0,0,0,0,0,0,0,0,0,0,0,0,0,0,0,0,0,0,-1.3079
"person_364",1,0,1,1,1,0,0,1,1,0,0,1,1,1,1,1,1,0,0,1,1,1,0,0,1,0,0,0,0,0,-0.3375
"person_365",0,0,1,0,0,0,1,0,0,0,0,0,0,0,0,1,0,0,1,0,0,1,0,0,0,0,1,0,1,0,-1.4019
"person_366",0,0,0,0,1,0,0,1,0,0,1,1,1,0,1,1,1,0,1,1,0,0,1,0,0,0,0,0,0,0,-1.1276
"person_367",0,0,1,1,1,0,0,0,0,0,1,0,0,1,0,0,1,0,1,0,1,0,0,1,0,0,0,0,0,0,-1.0121
"person_368",1,1,1,1,1,1,1,0,1,1,1,1,0,1,1,1,1,1,1,0,1,1,1,1,1,1,1,1,1,1,3.6165
"person_369",0,1,1,0,0,0,0,1,0,0,1,0,0,0,0,1,0,1,0,0,0,0,0,0,0,0,0,0,0,0,-1.3327
"person_370",1,1,1,1,1,0,1,0,0,1,1,1,1,0,1,1,0,0,1,0,1,1,0,1,1,0,0,0,0,0,0.294
"person_371",0,0,1,0,0,0,0,0,0,1,1,0,1,0,0,0,0,1,0,1,0,0,0,0,0,0,0,0,0,0,-0.7962
"person_372",1,0,1,0,0,1,1,0,0,1,1,0,0,0,1,1,0,0,0,1,1,0,0,1,1,0,0,1,1,1,0.0207
"person_373",1,1,1,1,1,0,0,0,0,0,1,0,1,0,0,1,1,1,1,1,0,0,0,0,1,0,0,0,1,1,-0.5513
"person_374",0,1,1,1,0,0,0,1,1,0,1,1,0,0,1,1,0,1,0,0,1,0,1,1,1,0,0,0,0,0,-0.9848
"person_375",1,0,0,0,1,0,0,0,1,0,1,1,1,1,1,1,1,0,0,0,1,1,1,1,1,0,1,1,1,0,-0.3872
"person_376",1,1,1,1,1,1,0,0,1,1,1,1,0,0,1,1,1,0,1,1,1,0,1,0,1,1,1,1,1,1,0.6145
"person_377",1,1,1,1,1,1,1,1,1,1,1,1,0,1,0,1,1,1,1,0,1,0,1,0,1,1,0,0,0,1,0.1966
"person_378",1,0,1,1,1,0,0,0,1,0,0,1,0,0,1,1,1,0,0,0,1,1,0,0,0,0,1,1,0,0,-0.2576
"person_379",1,0,1,0,0,1,0,0,1,0,1,1,0,1,0,1,1,1,1,0,0,0,0,1,1,0,0,1,0,1,-0.1279
"person_380",1,0,1,0,0,0,1,0,0,0,0,0,0,1,0,1,1,1,0,1,1,0,0,0,0,0,0,1,0,0,-0.5684
"person_381",1,1,1,1,1,0,1,0,0,1,1,0,1,1,1,1,1,1,0,0,1,0,1,0,0,0,0,1,0,1,-0.2371
"person_382",1,1,1,1,0,0,0,0,1,1,0,0,0,0,0,1,0,0,1,1,0,0,1,0,1,0,0,0,1,0,-0.7984
"person_383",1,1,1,1,1,1,1,1,1,1,1,1,1,1,1,1,1,1,1,1,1,1,1,1,1,1,1,1,1,0,2.851
"person_384",1,0,1,0,0,0,0,0,1,0,1,1,1,1,1,1,1,0,1,1,0,0,0,0,1,0,0,1,0,1,-0.4948
"person_385",0,0,0,0,1,0,0,0,0,0,0,0,0,0,1,1,1,0,0,1,0,0,0,0,0,0,0,0,0,0,-2.0156
"person_386",1,0,1,0,0,0,1,0,0,0,0,0,0,0,0,0,1,0,0,0,0,0,0,1,0,0,0,0,0,0,-1.6419
"person_387",0,1,1,0,1,0,0,1,0,1,1,1,1,1,1,1,1,1,1,1,1,1,0,0,1,0,0,1,0,0,0.39
"person_388",1,1,1,1,0,1,1,0,1,0,1,1,1,1,0,1,1,0,0,1,1,0,1,0,1,0,1,0,1,1,0.4999
"person_389",1,1,1,0,1,0,1,0,0,0,1,1,0,1,1,0,0,0,1,1,1,0,0,0,1,0,0,1,1,1,-0.2845
"person_390",0,1,1,0,0,0,0,0,0,0,0,1,0,0,0,1,0,0,0,0,1,0,1,0,1,0,1,0,0,0,-0.675
"person_391",1,0,1,0,1,1,1,0,0,0,1,1,0,0,1,0,1,0,0,0,1,0,0,1,1,0,1,0,1,0,-0.5932
"person_392",1,1,1,1,0,1,1,1,1,1,1,1,0,0,1,1,0,1,1,0,1,1,0,1,1,1,1,1,0,1,1.6722
"person_393",1,1,1,1,0,0,1,1,0,0,1,1,0,0,0,1,0,1,0,1,0,1,0,1,1,0,0,0,1,0,0.0297
"person_394",0,1,0,0,0,0,0,1,0,0,1,1,0,1,0,1,1,0,0,1,1,1,0,0,1,0,0,0,1,0,-0.8963
"person_395",0,0,1,1,0,0,0,0,0,0,0,0,1,0,1,1,0,0,0,1,0,0,0,1,1,0,0,0,0,0,-1.435
"person_396",1,1,1,0,1,0,1,0,1,1,0,0,1,0,0,1,1,0,0,1,1,1,1,0,1,0,1,1,0,1,0.2744
"person_397",1,1,1,0,1,0,0,0,1,1,1,1,0,0,1,1,1,0,1,1,1,1,0,1,0,1,0,0,0,1,0.0245
"person_398",1,1,1,0,1,0,0,1,0,1,0,1,0,0,1,1,1,1,1,1,1,0,0,1,1,0,0,0,0,0,-0.0841
"person_399",1,0,1,0,0,1,1,1,1,0,1,0,1,0,0,1,0,0,1,1,1,0,1,0,0,0,1,0,0,0,-0.1865
"person_400",1,0,1,0,0,1,0,0,0,0,1,1,0,1,1,0,0,0,0,0,1,0,1,0,0,0,0,1,0,1,-0.5977
"person_401",1,1,1,1,1,0,1,1,1,1,1,0,1,1,1,1,1,1,1,1,1,0,0,0,1,0,0,0,0,1,0.1999
"person_402",1,1,1,0,1,1,1,1,1,1,1,1,0,1,1,1,1,1,1,1,1,0,0,0,1,1,0,0,0,1,0.3627
"person_403",1,1,1,1,1,1,0,0,1,1,1,1,1,0,1,1,1,1,0,0,1,1,1,1,1,0,1,0,0,1,0.4603
"person_404",1,1,1,0,0,1,0,1,0,0,1,1,0,1,1,1,0,1,1,1,0,0,1,1,1,1,0,0,1,0,0.0718
"person_405",1,1,1,1,1,1,1,1,0,1,1,1,1,1,1,1,1,1,1,1,1,1,1,1,1,1,1,1,1,1,4.8963
"person_406",1,1,1,1,1,0,0,1,0,1,1,1,0,0,1,1,1,1,0,0,1,1,1,1,1,1,0,0,0,1,0.675
"person_407",1,0,1,1,1,0,1,0,0,1,1,0,0,0,0,1,1,1,0,1,1,0,0,0,1,1,0,0,0,0,-0.4915
"person_408",1,0,0,0,0,0,0,1,0,0,0,0,1,1,1,0,0,0,1,0,0,0,1,0,1,0,1,0,0,0,-0.9972
"person_409",1,1,1,0,1,1,0,0,1,1,1,1,1,1,1,1,1,1,1,1,1,1,1,0,1,1,1,1,1,0,1.9763
"person_410",0,0,1,1,1,1,0,0,1,0,1,1,0,0,1,1,1,1,1,1,1,1,1,1,1,1,1,0,1,1,1.2302
"person_411",1,0,1,0,0,0,0,1,0,1,0,1,1,0,0,1,0,0,1,1,1,0,0,0,0,0,1,0,0,0,-0.9613
"person_412",1,0,1,1,1,0,0,0,1,0,1,1,0,1,1,1,0,0,0,0,0,0,1,1,0,0,1,0,1,0,-0.6087
"person_413",1,0,1,1,0,0,1,0,0,0,1,0,1,1,1,1,1,0,0,0,0,0,1,1,0,0,0,0,1,0,-0.4589
"person_414",0,0,0,1,0,0,0,0,0,0,0,0,0,0,0,0,0,0,0,0,0,1,0,0,0,0,0,0,0,0,-2.0807
"person_415",1,0,1,1,1,1,1,0,1,1,1,1,0,1,1,1,0,1,1,1,1,0,1,0,1,0,1,0,0,1,0.4928
"person_416",1,0,0,0,1,0,0,1,1,0,1,0,0,0,0,1,1,1,1,0,1,1,0,0,0,0,0,0,0,0,-0.56
"person_417",0,0,1,1,1,0,1,1,0,0,0,0,0,1,1,1,1,0,0,1,0,1,0,1,1,0,1,0,1,0,-0.6258
"person_418",1,1,1,1,1,1,0,0,1,0,1,0,0,1,1,1,1,1,1,1,0,0,0,1,1,1,1,1,1,0,0.3696
"person_419",1,1,1,0,1,1,1,1,1,0,1,1,1,1,1,1,1,0,1,1,1,0,1,1,1,0,1,1,0,0,0.1934
"person_420",0,1,1,0,0,0,0,0,0,0,1,0,0,0,0,0,0,0,0,0,1,1,0,0,0,0,1,0,0,0,-0.656
"person_421",1,0,0,0,1,0,0,0,0,0,0,0,0,0,0,0,0,0,0,0,1,0,0,0,0,0,1,0,0,0,-2.0482
"person_422",1,1,1,0,0,1,0,1,0,1,1,1,0,0,1,1,1,1,1,0,1,1,1,1,1,1,0,1,1,1,1.2312
"person_423",0,0,0,0,0,0,0,0,0,0,0,0,0,0,0,0,0,0,0,0,0,0,0,0,0,0,0,0,0,0,-2.7339
"person_424",0,0,1,0,0,0,1,0,0,0,0,0,0,0,0,0,1,0,0,1,0,0,0,1,0,0,0,0,0,0,-1.8034
"person_425",1,1,1,0,0,0,1,1,0,1,1,0,0,0,1,0,1,0,1,1,1,0,0,0,1,1,1,0,0,0,-0.2315
"person_426",1,1,1,0,1,1,0,1,0,0,1,1,0,0,1,1,1,1,0,0,1,0,1,0,1,0,0,0,0,0,0.1949
"person_427",1,1,1,1,1,1,1,1,1,1,1,1,1,1,1,1,1,1,1,0,1,1,1,1,1,0,1,1,1,1,1.3727
"person_428",1,1,1,1,1,0,1,1,0,1,1,0,0,1,1,1,0,1,0,0,1,1,1,0,1,1,1,1,0,1,0.2143
"person_429",1,1,1,1,1,1,1,1,1,1,1,0,1,1,1,1,1,0,1,1,1,1,0,1,1,1,1,1,1,0,1.445
"person_430",1,0,1,1,0,0,1,0,0,0,1,0,0,0,1,1,0,0,1,1,0,0,1,1,0,0,0,0,0,0,-1.1861
"person_431",0,1,1,1,1,0,1,0,0,0,1,1,0,1,1,1,1,0,0,0,1,1,0,0,1,0,0,1,1,0,0.0329
"person_432",0,0,1,0,1,0,0,1,1,0,1,0,1,1,1,1,1,0,1,1,1,1,0,0,1,1,0,1,1,0,0.4125
"person_433",1,0,1,0,0,0,1,0,0,1,1,1,0,0,0,1,0,1,0,1,1,0,0,0,0,1,0,1,1,0,-0.4354
"person_434",1,1,1,0,0,0,0,0,1,0,1,0,0,1,0,1,0,0,0,0,1,0,0,0,1,0,1,0,1,1,-0.8297
"person_435",0,1,1,0,1,0,0,1,0,1,0,1,0,1,0,1,0,0,1,1,0,0,1,1,0,0,1,1,0,0,-0.6383
"person_436",1,0,1,1,1,1,0,0,1,1,1,1,1,1,0,1,1,1,1,0,1,1,1,0,1,0,0,1,0,1,0.5377
"person_437",1,1,1,1,1,0,1,0,1,1,1,1,1,1,1,1,0,0,0,1,1,1,1,0,1,0,0,0,1,0,-0.0772
"person_438",1,0,1,1,1,0,1,0,0,0,0,1,0,1,0,1,0,0,0,0,0,0,0,0,0,0,0,0,1,1,-1.1162
"person_439",1,0,1,0,1,1,1,1,1,0,1,1,1,0,0,1,1,1,0,0,1,0,0,0,1,0,0,1,0,1,-0.2067
"person_440",1,1,1,1,0,0,1,0,0,0,1,1,0,0,0,0,1,1,0,0,0,0,0,1,1,0,0,0,0,0,-0.8245
"person_441",1,1,1,1,1,1,0,0,0,0,1,1,0,0,1,1,1,1,1,0,0,1,1,0,1,0,0,1,0,1,0.4112
"person_442",1,0,1,0,0,0,1,0,0,0,0,0,1,1,1,0,0,0,0,0,0,0,0,1,0,0,1,0,0,0,-1.1338
"person_443",1,1,1,0,0,0,0,1,1,1,1,1,0,0,0,1,1,1,0,0,1,1,1,0,1,0,1,0,0,0,0.025
"person_444",1,0,0,0,1,0,0,0,0,0,1,0,0,0,1,1,0,0,1,0,0,0,0,1,0,0,0,0,0,0,-1.0488
"person_445",1,1,1,0,1,1,0,1,0,0,1,1,1,1,1,1,1,1,0,1,1,0,1,0,1,1,1,1,1,0,0.6842
"person_446",1,1,1,0,1,0,1,0,1,1,0,0,1,0,1,1,0,1,0,1,1,1,0,0,0,1,1,1,0,0,-0.4348
"person_447",1,0,1,0,1,0,1,0,0,1,1,1,1,0,0,1,1,0,0,0,1,1,0,1,0,1,1,1,0,0,0.1563
"person_448",1,1,1,1,1,0,0,0,0,1,0,1,1,0,1,1,0,0,0,1,1,0,0,0,0,0,0,0,0,0,-0.9544
"person_449",0,0,1,1,1,0,0,0,1,1,1,0,0,1,0,1,0,0,0,1,0,0,0,0,0,0,0,1,0,1,-0.8389
"person_450",1,0,1,0,1,0,1,0,0,0,0,0,0,0,0,1,1,0,0,0,1,0,0,0,0,0,0,0,1,0,-0.9251
"person_451",1,0,1,0,1,1,0,0,0,0,1,0,1,1,1,1,1,0,0,0,1,0,0,1,0,0,0,0,0,1,-0.6429
"person_452",0,0,1,1,1,1,1,1,0,0,1,1,0,1,1,1,0,0,1,1,1,0,0,1,0,0,1,1,0,1,-0.3896
"person_453",0,0,1,1,0,0,1,0,0,1,1,0,1,0,1,1,1,0,0,0,0,0,0,0,0,0,0,1,1,0,-0.9855
"person_454",1,0,1,1,0,0,1,0,0,1,1,1,1,1,1,1,1,0,0,0,1,1,1,0,1,0,0,1,1,0,-0.099
"person_455",1,0,0,0,0,0,0,0,0,1,0,0,0,0,0,1,0,0,0,1,0,1,0,1,1,0,0,0,1,1,-1.3562
"person_456",1,0,1,0,1,1,1,0,1,0,1,1,1,1,1,1,1,0,1,0,1,1,1,0,1,1,1,1,0,1,1.3707
"person_457",1,0,1,0,1,0,0,1,0,1,1,1,0,0,1,1,0,1,0,1,0,0,1,1,1,1,0,1,0,1,0.3283
"person_458",1,0,1,0,1,0,1,0,1,1,0,1,1,1,1,1,1,1,0,0,0,1,0,1,1,0,1,0,1,0,0.0968
"person_459",1,0,1,0,0,0,0,0,1,1,0,1,1,1,1,1,1,1,0,0,1,0,0,1,0,0,1,1,0,1,-0.1741
"person_460",1,0,0,1,1,1,0,0,0,1,1,1,0,0,0,1,0,0,1,1,1,1,0,0,1,1,0,0,1,0,-0.2666
"person_461",1,1,0,1,1,0,1,0,1,1,1,0,1,1,1,1,0,1,0,1,1,0,0,0,0,0,0,0,0,1,-0.5323
"person_462",1,1,1,1,1,1,0,1,1,0,1,1,1,1,1,1,1,1,0,0,1,1,1,0,1,1,1,1,1,1,0.9131
"person_463",1,0,1,1,1,1,1,1,0,1,1,1,0,1,1,1,0,0,0,1,0,1,0,1,1,1,0,0,0,1,-0.0834
"person_464",1,1,1,0,1,1,0,1,1,1,1,1,1,0,1,1,1,1,0,0,1,1,1,1,1,1,1,1,1,1,1.6042
"person_465",1,1,0,1,0,0,1,1,0,0,1,1,1,0,1,1,0,1,0,0,0,1,0,0,1,0,0,1,0,0,-0.4007
"person_466",1,0,1,0,0,1,0,1,1,0,1,1,0,1,1,1,1,0,0,0,0,1,0,1,0,0,0,0,0,0,-0.0805
"person_467",0,0,1,0,1,0,1,0,1,0,0,0,0,1,0,1,0,1,1,1,1,0,0,0,1,0,0,0,0,0,-1.0641
"person_468",1,1,1,0,1,1,1,1,0,0,1,1,0,1,1,1,1,1,0,0,1,1,1,1,1,1,1,0,1,1,0.9978
"person_469",1,1,1,1,1,0,1,1,1,0,1,1,1,0,1,1,1,1,0,0,1,1,0,1,1,1,1,0,1,0,1.1027
"person_470",1,1,1,1,0,0,1,0,0,0,1,1,0,1,1,1,0,1,0,1,1,0,1,0,0,0,0,0,0,1,-0.178
"person_471",1,1,1,1,1,1,1,1,1,0,1,1,1,0,1,1,1,0,1,1,1,0,0,0,1,1,0,0,0,1,0.8605
"person_472",1,0,1,0,0,1,0,1,1,1,1,0,0,1,1,1,1,1,0,0,1,1,1,0,1,1,1,0,1,0,0.6751
"person_473",0,1,1,0,0,0,1,1,0,0,1,0,1,0,0,1,1,1,0,0,1,0,0,0,1,0,0,0,1,0,-0.9085
"person_474",1,1,1,1,1,1,0,1,1,1,1,1,1,1,1,1,1,1,0,0,1,1,1,1,1,1,1,1,0,1,1.6954
"person_475",1,1,0,1,0,0,0,0,1,1,1,1,1,0,1,1,0,1,0,0,0,1,0,1,0,0,0,1,0,1,-0.1764
"person_476",1,0,1,1,0,0,0,0,0,0,1,1,1,0,1,1,0,0,0,0,0,0,0,0,0,0,0,0,0,1,-0.7175
"person_477",1,1,1,0,0,1,1,1,0,0,1,1,1,1,1,1,1,0,0,0,0,0,0,0,0,0,0,0,0,0,-0.4789
"person_478",1,1,1,0,0,0,0,0,0,0,0,0,1,0,1,1,0,1,1,1,1,0,0,0,0,0,0,1,1,0,-0.9724
"person_479",1,1,1,0,1,0,0,0,0,1,1,1,1,1,1,1,1,1,1,1,1,0,1,1,1,1,1,1,0,1,0.7804
"person_480",0,1,1,0,0,0,0,0,1,0,0,0,0,0,0,1,0,1,0,1,0,1,0,1,0,0,0,0,0,0,-1.5739
"person_481",1,1,1,1,1,1,0,1,0,1,1,1,0,0,1,1,1,0,0,1,1,1,1,1,1,0,1,0,1,1,0.3361
"person_482",1,0,1,0,1,0,0,1,1,1,1,1,1,1,0,1,0,1,1,1,0,1,1,0,1,0,0,0,0,1,0.0499
"person_483",1,1,1,1,1,1,1,1,0,1,1,1,1,1,1,1,1,1,0,0,1,1,1,0,1,1,1,0,0,1,1.2934
"person_484",1,0,1,1,1,0,1,0,1,0,1,1,1,1,1,1,1,1,1,0,1,0,0,0,0,0,1,1,0,1,-0.0323
"person_485",0,0,0,1,0,0,0,0,1,0,1,0,0,1,1,1,1,1,0,0,1,0,1,0,0,0,0,0,0,0,-1.1361
"person_486",1,0,1,0,1,1,0,1,1,1,1,1,1,1,1,1,1,1,1,1,1,1,1,0,1,0,1,0,1,1,1.0371
"person_487",1,1,1,1,0,0,0,1,1,0,1,1,1,1,1,1,1,1,1,1,0,0,0,1,1,1,1,0,1,1,0.1821
"person_488",1,0,1,0,1,1,0,0,0,1,1,1,0,1,1,1,0,1,0,0,0,1,1,0,0,0,0,0,0,0,-0.4048
"person_489",0,0,1,1,1,0,0,0,0,1,1,0,1,0,0,1,0,0,0,1,1,0,0,0,0,0,0,0,1,0,-1.2847
"person_490",1,1,1,1,1,1,1,0,0,0,1,1,0,1,1,1,1,0,1,0,1,1,0,0,1,0,0,0,0,1,0.0299
"person_491",0,0,1,0,0,0,1,0,0,0,1,0,1,0,0,1,0,0,0,0,0,0,0,0,1,0,1,0,0,0,-1.0329
"person_492",0,0,1,1,0,0,1,1,1,1,0,1,0,0,0,0,1,0,0,0,0,0,1,0,0,0,0,0,0,0,-0.6634
"person_493",1,0,1,0,1,0,0,1,0,0,0,1,0,0,1,1,0,1,1,0,0,1,0,1,1,0,1,0,1,1,-0.3969
"person_494",1,1,1,1,1,0,1,0,1,0,1,0,0,0,1,1,1,1,0,0,1,0,1,1,1,0,1,1,1,1,-0.212
"person_495",1,1,1,0,1,1,1,0,1,1,1,1,0,0,1,1,1,1,1,1,1,1,0,1,1,1,1,1,1,0,1.2617
"person_496",1,0,1,1,1,0,0,0,0,0,0,1,1,0,0,1,1,0,0,0,1,1,0,0,1,0,0,0,1,0,-0.7164
"person_497",1,0,1,0,0,0,1,0,1,0,1,0,1,0,1,1,0,1,0,1,0,0,0,1,1,1,0,0,0,0,0.1065
"person_498",1,0,1,0,0,0,0,0,0,0,1,0,0,1,0,1,0,1,0,0,1,0,0,0,1,0,1,0,0,0,-0.7057
"person_499",1,0,1,0,1,0,0,0,0,0,1,1,1,1,1,1,1,0,1,0,1,1,0,1,1,0,1,1,0,1,0.1764
"person_500",0,0,0,0,0,0,1,0,0,1,0,0,0,0,0,0,0,0,0,0,0,0,0,0,0,0,0,0,1,0,-2.155
